Week,Description,Quantity,Sales,AvgUnitPrice,Orders
2009-11-30,ASSORTED COLOUR BIRD ORNAMENT,2023,3160.37,2.233953488372093,41
2009-12-07,ASSORTED COLOUR BIRD ORNAMENT,1213,2046.22,4.192413793103448,29
2009-12-14,ASSORTED COLOUR BIRD ORNAMENT,1324,2230.06,4.612424242424242,33
2009-12-21,ASSORTED COLOUR BIRD ORNAMENT,82,187.28,7.7775,4
2010-01-04,ASSORTED COLOUR BIRD ORNAMENT,168,283.91999999999996,1.69,9
2010-01-11,ASSORTED COLOUR BIRD ORNAMENT,233,536.5699999999999,4.49,17
2010-01-18,ASSORTED COLOUR BIRD ORNAMENT,897,1386.13,3.033529411764706,17
2010-01-25,ASSORTED COLOUR BIRD ORNAMENT,211,427.99,6.45,15
2010-02-01,ASSORTED COLOUR BIRD ORNAMENT,274,475.06,1.78375,16
2010-02-08,ASSORTED COLOUR BIRD ORNAMENT,512,788.48,1.6530769230769229,12
2010-02-15,ASSORTED COLOUR BIRD ORNAMENT,587,915.23,1.663333333333333,18
2010-02-22,ASSORTED COLOUR BIRD ORNAMENT,294,520.78,1.8473684210526315,19
2010-03-01,ASSORTED COLOUR BIRD ORNAMENT,735,1163.43,1.6623076923076923,26
2010-03-08,ASSORTED COLOUR BIRD ORNAMENT,917,1444.53,1.7103846153846154,26
2010-03-15,ASSORTED COLOUR BIRD ORNAMENT,551,1014.63,1.839,29
2010-03-22,ASSORTED COLOUR BIRD ORNAMENT,840,1118.8,1.7234482758620688,29
2010-03-29,ASSORTED COLOUR BIRD ORNAMENT,331,557.47,1.6780000000000002,20
2010-04-05,ASSORTED COLOUR BIRD ORNAMENT,736,1357.4399999999998,3.1475,15
2010-04-12,ASSORTED COLOUR BIRD ORNAMENT,653,1026.77,1.6722222222222223,25
2010-04-19,ASSORTED COLOUR BIRD ORNAMENT,504,870.0,1.785,24
2010-04-26,ASSORTED COLOUR BIRD ORNAMENT,919,1512.31,1.758108108108108,37
2010-05-03,ASSORTED COLOUR BIRD ORNAMENT,342,577.98,1.6900000000000002,20
2010-05-10,ASSORTED COLOUR BIRD ORNAMENT,923,1495.07,1.7229032258064516,29
2010-05-17,ASSORTED COLOUR BIRD ORNAMENT,283,478.27,1.69,20
2010-05-24,ASSORTED COLOUR BIRD ORNAMENT,560,932.0,1.7885714285714285,28
2010-05-31,ASSORTED COLOUR BIRD ORNAMENT,309,522.21,1.69,20
2010-06-07,ASSORTED COLOUR BIRD ORNAMENT,264,446.16,1.69,15
2010-06-14,ASSORTED COLOUR BIRD ORNAMENT,569,935.21,1.7530000000000001,20
2010-06-21,ASSORTED COLOUR BIRD ORNAMENT,252,449.88,1.8478947368421053,19
2010-06-28,ASSORTED COLOUR BIRD ORNAMENT,692,1071.56,1.6179999999999999,20
2010-07-05,ASSORTED COLOUR BIRD ORNAMENT,874,1385.86,1.622258064516129,30
2010-07-12,ASSORTED COLOUR BIRD ORNAMENT,400,673.6,1.903,20
2010-07-19,ASSORTED COLOUR BIRD ORNAMENT,1043,1678.1899999999998,1.666,30
2010-07-26,ASSORTED COLOUR BIRD ORNAMENT,621,1011.09,1.6785714285714286,21
2010-08-02,ASSORTED COLOUR BIRD ORNAMENT,648,1095.12,1.69,21
2010-08-09,ASSORTED COLOUR BIRD ORNAMENT,758,1156.7,1.7310526315789474,18
2010-08-16,ASSORTED COLOUR BIRD ORNAMENT,664,1057.36,1.7385714285714284,21
2010-08-23,ASSORTED COLOUR BIRD ORNAMENT,1000,1575.76,1.805,24
2010-08-30,ASSORTED COLOUR BIRD ORNAMENT,963,1562.67,1.7466666666666666,18
2010-09-06,ASSORTED COLOUR BIRD ORNAMENT,387,627.63,1.747272727272727,22
2010-09-13,ASSORTED COLOUR BIRD ORNAMENT,619,984.67,1.6722222222222223,27
2010-09-20,ASSORTED COLOUR BIRD ORNAMENT,1792,2829.76,1.741818181818182,43
2010-09-27,ASSORTED COLOUR BIRD ORNAMENT,773,1277.57,1.7251724137931035,28
2010-10-04,ASSORTED COLOUR BIRD ORNAMENT,753,1284.4099999999999,1.7957142857142858,28
2010-10-11,ASSORTED COLOUR BIRD ORNAMENT,2277,3476.1299999999997,1.6912765957446807,45
2010-10-18,ASSORTED COLOUR BIRD ORNAMENT,1736,2609.8399999999997,1.7264285714285712,28
2010-10-25,ASSORTED COLOUR BIRD ORNAMENT,1039,1741.51,1.7557142857142856,41
2010-11-01,ASSORTED COLOUR BIRD ORNAMENT,992,1599.68,1.679090909090909,44
2010-11-08,ASSORTED COLOUR BIRD ORNAMENT,5584,8503.52,1.7255555555555555,61
2010-11-15,ASSORTED COLOUR BIRD ORNAMENT,1476,2402.52,1.7432394366197184,65
2010-11-22,ASSORTED COLOUR BIRD ORNAMENT,947,1610.03,1.818,44
2010-11-29,ASSORTED COLOUR BIRD ORNAMENT,2096,3460.64,1.7846666666666666,53
2010-12-06,ASSORTED COLOUR BIRD ORNAMENT,1401,2386.89,1.794776119402985,35
2010-12-13,ASSORTED COLOUR BIRD ORNAMENT,638,1088.3,1.9164516129032256,31
2010-12-20,ASSORTED COLOUR BIRD ORNAMENT,40,67.6,1.6900000000000002,3
2011-01-03,ASSORTED COLOUR BIRD ORNAMENT,480,811.2,1.69,16
2011-01-10,ASSORTED COLOUR BIRD ORNAMENT,442,755.46,1.8645833333333333,23
2011-01-17,ASSORTED COLOUR BIRD ORNAMENT,139,257.79,1.9283333333333335,11
2011-01-24,ASSORTED COLOUR BIRD ORNAMENT,344,554.4,1.764375,15
2011-01-31,ASSORTED COLOUR BIRD ORNAMENT,937,1429.93,1.6530769230769229,25
2011-02-07,ASSORTED COLOUR BIRD ORNAMENT,160,281.84,1.82,11
2011-02-14,ASSORTED COLOUR BIRD ORNAMENT,588,955.3199999999999,1.6811111111111112,26
2011-02-21,ASSORTED COLOUR BIRD ORNAMENT,328,554.3199999999999,1.69,16
2011-02-28,ASSORTED COLOUR BIRD ORNAMENT,213,394.28999999999996,1.848888888888889,17
2011-03-07,ASSORTED COLOUR BIRD ORNAMENT,642,1019.62,1.7265384615384616,26
2011-03-14,ASSORTED COLOUR BIRD ORNAMENT,968,1520.72,1.66,24
2011-03-21,ASSORTED COLOUR BIRD ORNAMENT,391,660.79,1.69,30
2011-03-28,ASSORTED COLOUR BIRD ORNAMENT,585,961.69,1.7395833333333333,23
2011-04-04,ASSORTED COLOUR BIRD ORNAMENT,753,1207.21,1.7227586206896552,29
2011-04-11,ASSORTED COLOUR BIRD ORNAMENT,815,1377.35,1.69,39
2011-04-18,ASSORTED COLOUR BIRD ORNAMENT,612,952.92,1.6442307692307692,26
2011-04-25,ASSORTED COLOUR BIRD ORNAMENT,264,440.72,1.6721052631578948,19
2011-05-02,ASSORTED COLOUR BIRD ORNAMENT,594,1015.3,1.7308571428571429,35
2011-05-09,ASSORTED COLOUR BIRD ORNAMENT,1201,1925.93,1.7073170731707317,40
2011-05-16,ASSORTED COLOUR BIRD ORNAMENT,595,1016.9899999999999,1.7346875,32
2011-05-23,ASSORTED COLOUR BIRD ORNAMENT,565,916.45,1.6814285714285713,28
2011-05-30,ASSORTED COLOUR BIRD ORNAMENT,384,648.9599999999999,1.69,22
2011-06-06,ASSORTED COLOUR BIRD ORNAMENT,292,493.48,1.69,20
2011-06-13,ASSORTED COLOUR BIRD ORNAMENT,446,726.78,1.7495,20
2011-06-20,ASSORTED COLOUR BIRD ORNAMENT,270,456.3,1.69,17
2011-06-27,ASSORTED COLOUR BIRD ORNAMENT,292,504.91999999999996,1.7741176470588236,17
2011-07-04,ASSORTED COLOUR BIRD ORNAMENT,460,788.84,1.7495833333333335,24
2011-07-11,ASSORTED COLOUR BIRD ORNAMENT,372,628.68,1.69,22
2011-07-18,ASSORTED COLOUR BIRD ORNAMENT,519,877.11,1.69,25
2011-07-25,ASSORTED COLOUR BIRD ORNAMENT,478,807.8199999999999,1.69,32
2011-08-01,ASSORTED COLOUR BIRD ORNAMENT,3800,5615.6,1.661764705882353,33
2011-08-08,ASSORTED COLOUR BIRD ORNAMENT,1323,2003.55,1.6804,25
2011-08-15,ASSORTED COLOUR BIRD ORNAMENT,556,901.24,1.6807692307692306,25
2011-08-22,ASSORTED COLOUR BIRD ORNAMENT,850,1321.3,1.6623076923076923,26
2011-08-29,ASSORTED COLOUR BIRD ORNAMENT,216,376.48,1.8091666666666668,12
2011-09-05,ASSORTED COLOUR BIRD ORNAMENT,488,824.72,1.69,28
2011-09-12,ASSORTED COLOUR BIRD ORNAMENT,908,1430.76,1.7136666666666664,30
2011-09-19,ASSORTED COLOUR BIRD ORNAMENT,701,1157.73,1.7230555555555556,33
2011-09-26,ASSORTED COLOUR BIRD ORNAMENT,799,1284.95,1.7143589743589744,37
2011-10-03,ASSORTED COLOUR BIRD ORNAMENT,589,995.41,1.69,39
2011-10-10,ASSORTED COLOUR BIRD ORNAMENT,420,709.8,1.6899999999999997,25
2011-10-17,ASSORTED COLOUR BIRD ORNAMENT,829,1324.21,1.6758823529411764,33
2011-10-24,ASSORTED COLOUR BIRD ORNAMENT,778,1402.26,1.7539024390243902,40
2011-10-31,ASSORTED COLOUR BIRD ORNAMENT,968,1608.96,1.7138,50
2011-11-07,ASSORTED COLOUR BIRD ORNAMENT,1748,2689.0,1.7205128205128204,37
2011-11-14,ASSORTED COLOUR BIRD ORNAMENT,1326,2125.74,1.6781967213114752,58
2011-11-21,ASSORTED COLOUR BIRD ORNAMENT,1037,1698.61,1.7102127659574466,45
2011-11-28,ASSORTED COLOUR BIRD ORNAMENT,953,1568.09,1.7480487804878049,41
2011-12-05,ASSORTED COLOUR BIRD ORNAMENT,672,1127.52,1.884074074074074,27
2009-11-30,BLACK RECORD COVER FRAME,114,401.0,4.973333333333334,6
2009-12-07,BLACK RECORD COVER FRAME,319,1144.96,4.231538461538461,13
2009-12-14,BLACK RECORD COVER FRAME,232,820.45,5.12625,8
2009-12-21,BLACK RECORD COVER FRAME,4,15.0,3.75,1
2010-01-04,BLACK RECORD COVER FRAME,18,67.5,3.75,3
2010-01-11,BLACK RECORD COVER FRAME,61,215.34,4.920000000000001,3
2010-01-18,BLACK RECORD COVER FRAME,64,238.2,4.38,5
2010-01-25,BLACK RECORD COVER FRAME,59,212.61,3.698571428571429,7
2010-02-01,BLACK RECORD COVER FRAME,231,788.49,3.5442857142857145,7
2010-02-08,BLACK RECORD COVER FRAME,24,90.0,3.75,3
2010-02-15,BLACK RECORD COVER FRAME,73,251.7,4.8,3
2010-02-22,BLACK RECORD COVER FRAME,176,599.52,3.4620000000000006,5
2010-03-01,BLACK RECORD COVER FRAME,100,340.44,3.4620000000000006,5
2010-03-08,BLACK RECORD COVER FRAME,33,118.98,4.92,3
2010-03-15,BLACK RECORD COVER FRAME,56,196.59,4.38,5
2010-03-22,BLACK RECORD COVER FRAME,75,267.84000000000003,4.335,6
2010-03-29,BLACK RECORD COVER FRAME,104,364.08,3.6060000000000003,5
2010-04-05,BLACK RECORD COVER FRAME,100,340.44,3.5700000000000003,2
2010-04-19,BLACK RECORD COVER FRAME,8,45.480000000000004,6.330000000000001,3
2010-04-26,BLACK RECORD COVER FRAME,350,1191.54,3.6300000000000003,5
2010-05-03,BLACK RECORD COVER FRAME,132,451.8,3.5442857142857145,7
2010-05-10,BLACK RECORD COVER FRAME,29,103.98,4.92,3
2010-05-17,BLACK RECORD COVER FRAME,80,274.08,3.5700000000000003,4
2010-05-24,BLACK RECORD COVER FRAME,35,122.61,3.6300000000000003,3
2010-05-31,BLACK RECORD COVER FRAME,55,197.61,3.66,4
2010-06-07,BLACK RECORD COVER FRAME,210,745.47,4.88,9
2010-06-14,BLACK RECORD COVER FRAME,160,552.03,4.2,7
2010-06-21,BLACK RECORD COVER FRAME,56,212.07,4.5375,4
2010-06-28,BLACK RECORD COVER FRAME,49,175.11,3.66,4
2010-07-05,BLACK RECORD COVER FRAME,144,488.15999999999997,3.39,2
2010-07-12,BLACK RECORD COVER FRAME,76,259.08,3.5100000000000002,3
2010-07-19,BLACK RECORD COVER FRAME,32,111.36,3.5700000000000003,2
2010-07-26,BLACK RECORD COVER FRAME,388,1316.76,3.4620000000000006,5
2010-08-02,BLACK RECORD COVER FRAME,35,122.61,3.66,4
2010-08-09,BLACK RECORD COVER FRAME,25,85.11,3.5700000000000003,2
2010-08-16,BLACK RECORD COVER FRAME,72,244.07999999999998,3.39,2
2010-08-23,BLACK RECORD COVER FRAME,48,162.72,3.39,1
2010-08-30,BLACK RECORD COVER FRAME,15,63.99,4.7175,4
2010-09-06,BLACK RECORD COVER FRAME,128,461.82000000000005,4.101,10
2010-09-13,BLACK RECORD COVER FRAME,28,96.36,3.5700000000000003,2
2010-09-20,BLACK RECORD COVER FRAME,173,600.78,4.02,9
2010-09-27,BLACK RECORD COVER FRAME,40,141.36,3.66,4
2010-10-04,BLACK RECORD COVER FRAME,638,2185.14,3.6060000000000003,9
2010-10-11,BLACK RECORD COVER FRAME,401,1373.25,4.09875,8
2010-10-18,BLACK RECORD COVER FRAME,310,1067.46,3.5900000000000003,9
2010-10-25,BLACK RECORD COVER FRAME,182,625.89,4.2749999999999995,6
2010-11-01,BLACK RECORD COVER FRAME,13,48.75,3.75,4
2010-11-08,BLACK RECORD COVER FRAME,928,3155.5499999999997,3.957,10
2010-11-15,BLACK RECORD COVER FRAME,191,659.64,4.148571428571429,7
2010-11-22,BLACK RECORD COVER FRAME,190,659.76,4.003636363636364,11
2010-11-29,BLACK RECORD COVER FRAME,1302,4415.94,3.48,7
2010-12-06,BLACK RECORD COVER FRAME,1146,3927.15,4.6095,11
2010-12-13,BLACK RECORD COVER FRAME,575,1961.3999999999999,4.148571428571429,7
2010-12-20,BLACK RECORD COVER FRAME,55,192.84,4.6275,4
2011-01-03,BLACK RECORD COVER FRAME,177,603.27,3.5340000000000003,5
2011-01-10,BLACK RECORD COVER FRAME,20,75.0,3.75,4
2011-01-17,BLACK RECORD COVER FRAME,24,104.84,4.6775,4
2011-01-24,BLACK RECORD COVER FRAME,3,11.25,3.75,1
2011-01-31,BLACK RECORD COVER FRAME,592,2012.64,3.615,8
2011-02-14,BLACK RECORD COVER FRAME,40,141.36,3.6300000000000003,3
2011-02-21,BLACK RECORD COVER FRAME,69,245.18,4.42,5
2011-03-07,BLACK RECORD COVER FRAME,6,22.5,3.75,2
2011-03-14,BLACK RECORD COVER FRAME,120,415.44,3.595714285714286,7
2011-03-21,BLACK RECORD COVER FRAME,117,449.93,4.177142857142857,7
2011-03-28,BLACK RECORD COVER FRAME,50,201.12,4.42,5
2011-04-04,BLACK RECORD COVER FRAME,11,41.25,3.75,4
2011-04-11,BLACK RECORD COVER FRAME,84,289.08,3.5100000000000002,3
2011-04-18,BLACK RECORD COVER FRAME,110,386.58000000000004,3.69,6
2011-04-25,BLACK RECORD COVER FRAME,38,133.86,3.66,4
2011-05-02,BLACK RECORD COVER FRAME,396,1354.18,4.002222222222223,8
2011-05-09,BLACK RECORD COVER FRAME,81,286.47,3.6471428571428572,7
2011-05-16,BLACK RECORD COVER FRAME,36,126.36,3.6300000000000003,3
2011-05-30,BLACK RECORD COVER FRAME,504,1708.56,3.39,4
2011-06-06,BLACK RECORD COVER FRAME,18,71.21000000000001,4.492,5
2011-06-13,BLACK RECORD COVER FRAME,865,2952.48,4.218333333333333,12
2011-06-20,BLACK RECORD COVER FRAME,131,464.11,4.07875,8
2011-06-27,BLACK RECORD COVER FRAME,236,807.24,3.5700000000000003,6
2011-07-04,BLACK RECORD COVER FRAME,90,331.35,4.16875,8
2011-07-11,BLACK RECORD COVER FRAME,100,340.44,3.48,4
2011-07-18,BLACK RECORD COVER FRAME,254,869.8100000000001,4.074285714285714,7
2011-07-25,BLACK RECORD COVER FRAME,116,404.15,4.07875,8
2011-08-08,BLACK RECORD COVER FRAME,73,247.82999999999998,3.5100000000000002,3
2011-08-15,BLACK RECORD COVER FRAME,270,917.46,3.525,8
2011-08-22,BLACK RECORD COVER FRAME,20,75.0,3.75,4
2011-08-29,BLACK RECORD COVER FRAME,176,614.36,4.806666666666667,6
2011-09-05,BLACK RECORD COVER FRAME,104,355.44,3.5700000000000003,4
2011-09-12,BLACK RECORD COVER FRAME,210,733.22,4.1257142857142854,7
2011-09-19,BLACK RECORD COVER FRAME,38,144.99,4.308333333333334,6
2011-09-26,BLACK RECORD COVER FRAME,202,715.5699999999999,4.248333333333333,12
2011-10-03,BLACK RECORD COVER FRAME,305,1063.55,3.9236363636363634,11
2011-10-10,BLACK RECORD COVER FRAME,25,119.72,4.368333333333333,6
2011-10-17,BLACK RECORD COVER FRAME,184,638.16,3.6300000000000003,9
2011-10-24,BLACK RECORD COVER FRAME,95,334.03999999999996,4.177142857142857,7
2011-10-31,BLACK RECORD COVER FRAME,433,1481.19,3.619090909090909,11
2011-11-07,BLACK RECORD COVER FRAME,857,2952.55,4.434444444444444,18
2011-11-14,BLACK RECORD COVER FRAME,259,955.29,4.527727272727272,22
2011-11-21,BLACK RECORD COVER FRAME,584,2086.4700000000003,5.1979999999999995,18
2011-11-28,BLACK RECORD COVER FRAME,183,735.8,5.255263157894737,19
2011-12-05,BLACK RECORD COVER FRAME,1506,5337.29,4.624827586206897,29
2009-11-30,CHILLI LIGHTS,117,533.71,5.99,13
2009-12-07,CHILLI LIGHTS,179,829.73,5.5425,16
2009-12-14,CHILLI LIGHTS,173,821.31,6.476999999999999,19
2009-12-21,CHILLI LIGHTS,19,99.49000000000001,6.3100000000000005,4
2010-01-04,CHILLI LIGHTS,17,84.15,4.95,4
2010-01-11,CHILLI LIGHTS,23,139.95000000000002,8.43,6
2010-02-01,CHILLI LIGHTS,24,108.30000000000001,4.775,4
2010-02-15,CHILLI LIGHTS,1,4.95,4.95,1
2010-03-01,CHILLI LIGHTS,2,9.9,4.95,2
2010-03-29,CHILLI LIGHTS,450,1783.5,4.737692307692308,13
2010-04-05,CHILLI LIGHTS,216,960.9,6.631666666666667,12
2010-04-12,CHILLI LIGHTS,91,396.87,5.395714285714286,7
2010-04-19,CHILLI LIGHTS,116,533.48,5.667333333333334,15
2010-04-26,CHILLI LIGHTS,55,303.57,6.485294117647059,17
2010-05-03,CHILLI LIGHTS,62,306.90000000000003,4.95,11
2010-05-10,CHILLI LIGHTS,16,79.2,4.95,5
2010-05-17,CHILLI LIGHTS,87,404.31,5.771818181818182,11
2010-05-24,CHILLI LIGHTS,69,307.95,4.716666666666667,6
2010-05-31,CHILLI LIGHTS,29,143.55,4.95,5
2010-06-07,CHILLI LIGHTS,220,959.8199999999999,5.21,12
2010-06-14,CHILLI LIGHTS,25,123.75,4.95,6
2010-06-21,CHILLI LIGHTS,35,178.47000000000003,5.695714285714287,7
2010-06-28,CHILLI LIGHTS,22,106.10000000000001,4.8100000000000005,5
2010-07-05,CHILLI LIGHTS,88,390.42,5.296666666666667,9
2010-07-12,CHILLI LIGHTS,6,29.700000000000003,4.95,2
2010-07-19,CHILLI LIGHTS,8,50.04,7.56,4
2010-07-26,CHILLI LIGHTS,5,40.41,8.43,3
2010-08-02,CHILLI LIGHTS,17,89.37,6.255,4
2010-08-09,CHILLI LIGHTS,45,205.95,4.833333333333333,6
2010-08-16,CHILLI LIGHTS,37,166.35,4.8100000000000005,5
2010-08-23,CHILLI LIGHTS,70,307.3,4.716666666666667,6
2010-08-30,CHILLI LIGHTS,110,645.38,5.44625,8
2010-09-06,CHILLI LIGHTS,68,308.21999999999997,5.332,10
2010-09-13,CHILLI LIGHTS,38,176.52,5.854,5
2010-09-20,CHILLI LIGHTS,180,910.75,6.18625,7
2010-09-27,CHILLI LIGHTS,239,1286.93,5.568125,16
2010-10-04,CHILLI LIGHTS,542,2473.89,4.963333333333334,15
2010-10-11,CHILLI LIGHTS,152,726.84,5.531764705882353,17
2010-10-18,CHILLI LIGHTS,228,1185.69,5.30375,24
2010-10-25,CHILLI LIGHTS,176,1021.67,5.480625,16
2010-11-01,CHILLI LIGHTS,123,590.9100000000001,5.481764705882353,17
2010-11-08,CHILLI LIGHTS,541,2823.73,5.6607317073170735,41
2010-11-15,CHILLI LIGHTS,304,1394.46,5.0188,25
2010-11-22,CHILLI LIGHTS,343,1506.4,5.597894736842105,19
2010-11-29,CHILLI LIGHTS,1452,6724.04,5.4094827586206895,36
2010-12-06,CHILLI LIGHTS,655,3830.6299999999997,6.38078947368421,22
2010-12-13,CHILLI LIGHTS,589,2494.07,5.341379310344828,28
2010-12-20,CHILLI LIGHTS,60,279.06,6.7325,8
2011-01-03,CHILLI LIGHTS,933,3882.17,4.856818181818182,21
2011-01-10,CHILLI LIGHTS,175,776.91,5.6445454545454545,11
2011-01-17,CHILLI LIGHTS,165,689.6999999999999,5.630909090909092,10
2011-01-24,CHILLI LIGHTS,105,506.91,7.313999999999999,15
2011-01-31,CHILLI LIGHTS,99,566.69,7.01,11
2011-02-07,CHILLI LIGHTS,192,985.32,6.437142857142858,14
2011-02-14,CHILLI LIGHTS,305,1588.3300000000002,6.606428571428571,13
2011-02-21,CHILLI LIGHTS,75,487.56,7.731428571428571,14
2011-02-28,CHILLI LIGHTS,39,210.09,6.598000000000001,5
2011-03-07,CHILLI LIGHTS,270,1516.3000000000002,6.378,15
2011-03-14,CHILLI LIGHTS,108,656.45,6.408888888888889,17
2011-03-21,CHILLI LIGHTS,22,133.21,6.58875,8
2011-03-28,CHILLI LIGHTS,85,639.54,8.867142857142857,7
2011-04-04,CHILLI LIGHTS,14,161.02,7.986666666666667,3
2011-04-11,CHILLI LIGHTS,5,55.59,9.105,2
2011-04-18,CHILLI LIGHTS,4,49.84,12.46,1
2011-04-25,CHILLI LIGHTS,5,62.300000000000004,12.46,1
2011-05-02,CHILLI LIGHTS,109,583.5,6.601666666666667,6
2011-05-09,CHILLI LIGHTS,187,993.6000000000001,6.0200000000000005,13
2011-05-16,CHILLI LIGHTS,44,253.0,5.75,11
2011-05-23,CHILLI LIGHTS,72,375.6,5.572222222222222,9
2011-05-30,CHILLI LIGHTS,27,188.8,6.708571428571429,7
2011-06-06,CHILLI LIGHTS,95,594.15,6.53875,16
2011-06-13,CHILLI LIGHTS,113,679.38,7.2275,12
2011-06-20,CHILLI LIGHTS,60,345.93,7.0120000000000005,10
2011-06-27,CHILLI LIGHTS,113,593.08,6.38875,8
2011-07-04,CHILLI LIGHTS,23,199.35000000000002,7.986666666666667,6
2011-07-11,CHILLI LIGHTS,33,236.72,6.58875,8
2011-07-18,CHILLI LIGHTS,133,732.0300000000001,7.28909090909091,11
2011-07-25,CHILLI LIGHTS,651,3126.89,5.935384615384615,12
2011-08-01,CHILLI LIGHTS,87,469.49,6.601666666666667,6
2011-08-08,CHILLI LIGHTS,135,727.22,7.438571428571429,7
2011-08-15,CHILLI LIGHTS,62,371.78000000000003,6.932,5
2011-08-22,CHILLI LIGHTS,110,642.0,6.735,12
2011-08-29,CHILLI LIGHTS,210,1084.56,8.168571428571429,7
2011-09-05,CHILLI LIGHTS,71,416.82000000000005,7.327500000000001,8
2011-09-12,CHILLI LIGHTS,262,1420.93,6.9592857142857145,14
2011-09-19,CHILLI LIGHTS,28,201.26,7.986666666666666,9
2011-09-26,CHILLI LIGHTS,162,875.7600000000001,6.538,15
2011-10-03,CHILLI LIGHTS,51,360.35,6.868333333333333,12
2011-10-10,CHILLI LIGHTS,150,819.25,7.113846153846154,13
2011-10-17,CHILLI LIGHTS,109,710.37,7.740666666666667,14
2011-10-24,CHILLI LIGHTS,431,2285.1200000000003,6.365714285714286,14
2011-10-31,CHILLI LIGHTS,166,1123.75,7.34,22
2011-11-07,CHILLI LIGHTS,482,2533.26,6.814583333333334,24
2011-11-14,CHILLI LIGHTS,389,2307.01,7.4210714285714285,27
2011-11-21,CHILLI LIGHTS,959,4960.25,6.806774193548388,31
2011-11-28,CHILLI LIGHTS,314,1717.92,8.065714285714286,21
2011-12-05,CHILLI LIGHTS,277,1714.2600000000002,8.854782608695654,23
2009-11-30,HOT WATER BOTTLE TEA AND SYMPATHY,439,1778.15,4.439655172413793,57
2009-12-07,HOT WATER BOTTLE TEA AND SYMPATHY,466,1869.0000000000002,4.340322580645162,61
2009-12-14,HOT WATER BOTTLE TEA AND SYMPATHY,529,2260.9500000000003,4.524324324324325,68
2009-12-21,HOT WATER BOTTLE TEA AND SYMPATHY,130,517.2,6.040909090909091,11
2010-01-04,HOT WATER BOTTLE TEA AND SYMPATHY,102,378.90000000000003,3.866666666666667,11
2010-01-11,HOT WATER BOTTLE TEA AND SYMPATHY,231,944.59,5.134137931034483,29
2010-01-18,HOT WATER BOTTLE TEA AND SYMPATHY,58,292.38,5.532,19
2010-01-25,HOT WATER BOTTLE TEA AND SYMPATHY,68,291.20000000000005,4.628,20
2010-02-01,HOT WATER BOTTLE TEA AND SYMPATHY,32,153.52,5.362500000000001,16
2010-02-08,HOT WATER BOTTLE TEA AND SYMPATHY,23,104.41000000000001,5.08,8
2010-02-15,HOT WATER BOTTLE TEA AND SYMPATHY,31,140.53,4.954444444444444,9
2010-02-22,HOT WATER BOTTLE TEA AND SYMPATHY,47,194.69,4.2325,15
2010-03-01,HOT WATER BOTTLE TEA AND SYMPATHY,26,125.30000000000001,5.08,11
2010-03-08,HOT WATER BOTTLE TEA AND SYMPATHY,24,135.48000000000002,6.415454545454546,11
2010-03-15,HOT WATER BOTTLE TEA AND SYMPATHY,28,110.60000000000001,3.95,5
2010-03-22,HOT WATER BOTTLE TEA AND SYMPATHY,32,130.92000000000002,4.402,10
2010-03-29,HOT WATER BOTTLE TEA AND SYMPATHY,16,67.72,4.703333333333334,6
2010-04-05,HOT WATER BOTTLE TEA AND SYMPATHY,96,343.2,3.866666666666667,5
2010-04-12,HOT WATER BOTTLE TEA AND SYMPATHY,2,7.9,3.95,2
2010-04-19,HOT WATER BOTTLE TEA AND SYMPATHY,33,129.91000000000003,6.043333333333334,6
2010-04-26,HOT WATER BOTTLE TEA AND SYMPATHY,12,47.400000000000006,3.9500000000000006,3
2010-05-03,HOT WATER BOTTLE TEA AND SYMPATHY,30,111.02000000000002,4.7540000000000004,5
2010-05-10,HOT WATER BOTTLE TEA AND SYMPATHY,60,222.04000000000002,4.955,8
2010-05-17,HOT WATER BOTTLE TEA AND SYMPATHY,8,40.64,5.758,5
2010-05-24,HOT WATER BOTTLE TEA AND SYMPATHY,5,24.270000000000003,6.210000000000001,2
2010-05-31,HOT WATER BOTTLE TEA AND SYMPATHY,8,31.6,3.9500000000000006,3
2010-06-07,HOT WATER BOTTLE TEA AND SYMPATHY,11,47.97,5.08,4
2010-06-14,HOT WATER BOTTLE TEA AND SYMPATHY,1,8.47,8.47,1
2010-06-21,HOT WATER BOTTLE TEA AND SYMPATHY,10,39.5,3.9500000000000006,3
2010-06-28,HOT WATER BOTTLE TEA AND SYMPATHY,12,47.400000000000006,3.9500000000000006,3
2010-07-05,HOT WATER BOTTLE TEA AND SYMPATHY,5,24.270000000000003,6.210000000000001,2
2010-07-12,HOT WATER BOTTLE TEA AND SYMPATHY,19,88.61,6.210000000000001,6
2010-07-19,HOT WATER BOTTLE TEA AND SYMPATHY,62,220.90000000000003,3.878571428571429,7
2010-07-26,HOT WATER BOTTLE TEA AND SYMPATHY,142,512.9000000000001,3.85,10
2010-08-02,HOT WATER BOTTLE TEA AND SYMPATHY,43,177.41000000000003,4.524285714285715,7
2010-08-09,HOT WATER BOTTLE TEA AND SYMPATHY,29,119.07000000000001,4.452222222222222,9
2010-08-16,HOT WATER BOTTLE TEA AND SYMPATHY,71,256.45000000000005,3.8388888888888895,9
2010-08-23,HOT WATER BOTTLE TEA AND SYMPATHY,51,198.49,4.524285714285715,7
2010-08-30,HOT WATER BOTTLE TEA AND SYMPATHY,36,155.76,5.306,10
2010-09-06,HOT WATER BOTTLE TEA AND SYMPATHY,37,159.71,4.854,15
2010-09-13,HOT WATER BOTTLE TEA AND SYMPATHY,145,541.2700000000001,4.108947368421053,18
2010-09-20,HOT WATER BOTTLE TEA AND SYMPATHY,126,487.26000000000005,4.126,20
2010-09-27,HOT WATER BOTTLE TEA AND SYMPATHY,145,766.78,4.6325925925925935,27
2010-10-04,HOT WATER BOTTLE TEA AND SYMPATHY,308,1270.0800000000002,4.214666666666667,45
2010-10-11,HOT WATER BOTTLE TEA AND SYMPATHY,198,910.7,4.734857142857143,34
2010-10-18,HOT WATER BOTTLE TEA AND SYMPATHY,283,1264.2900000000002,4.4694,48
2010-10-25,HOT WATER BOTTLE TEA AND SYMPATHY,281,1276.89,4.595609756097561,40
2010-11-01,HOT WATER BOTTLE TEA AND SYMPATHY,214,852.94,4.356666666666667,42
2010-11-08,HOT WATER BOTTLE TEA AND SYMPATHY,276,1445.22,4.418717948717949,39
2010-11-15,HOT WATER BOTTLE TEA AND SYMPATHY,264,1345.8400000000001,4.61,49
2010-11-22,HOT WATER BOTTLE TEA AND SYMPATHY,478,2459.61,4.4393548387096775,60
2010-11-29,HOT WATER BOTTLE TEA AND SYMPATHY,687,4007.56,4.52125,51
2010-12-06,HOT WATER BOTTLE TEA AND SYMPATHY,1075,6317.070000000001,5.369693877551021,48
2010-12-13,HOT WATER BOTTLE TEA AND SYMPATHY,159,1178.6399999999999,6.51,4
2010-12-20,HOT WATER BOTTLE TEA AND SYMPATHY,220,2007.44,7.53,3
2011-01-03,HOT WATER BOTTLE TEA AND SYMPATHY,1,9.32,9.32,1
2011-01-24,HOT WATER BOTTLE TEA AND SYMPATHY,1,3.95,3.95,1
2011-01-31,HOT WATER BOTTLE TEA AND SYMPATHY,1,9.13,9.13,1
2011-02-21,HOT WATER BOTTLE TEA AND SYMPATHY,3,24.869999999999997,8.29,2
2011-02-28,HOT WATER BOTTLE TEA AND SYMPATHY,5,24.09,5.396666666666666,3
2011-03-07,HOT WATER BOTTLE TEA AND SYMPATHY,3,11.850000000000001,3.9500000000000006,3
2011-08-15,HOT WATER BOTTLE TEA AND SYMPATHY,3,12.75,4.25,2
2011-08-22,HOT WATER BOTTLE TEA AND SYMPATHY,71,287.35,4.14,10
2011-08-29,HOT WATER BOTTLE TEA AND SYMPATHY,46,264.1,6.2361538461538455,13
2011-09-05,HOT WATER BOTTLE TEA AND SYMPATHY,163,732.75,4.8100000000000005,16
2011-09-12,HOT WATER BOTTLE TEA AND SYMPATHY,252,1170.8,4.702727272727273,33
2011-09-19,HOT WATER BOTTLE TEA AND SYMPATHY,527,2624.11,4.853939393939394,33
2011-09-26,HOT WATER BOTTLE TEA AND SYMPATHY,148,703.96,4.642258064516129,31
2011-10-03,HOT WATER BOTTLE TEA AND SYMPATHY,200,1048.88,4.751212121212121,33
2011-10-10,HOT WATER BOTTLE TEA AND SYMPATHY,192,1018.28,4.723076923076923,26
2011-10-17,HOT WATER BOTTLE TEA AND SYMPATHY,214,1216.74,4.742121212121212,33
2011-10-24,HOT WATER BOTTLE TEA AND SYMPATHY,210,1271.3,5.216451612903226,31
2011-10-31,HOT WATER BOTTLE TEA AND SYMPATHY,207,1165.53,4.835,38
2011-11-07,HOT WATER BOTTLE TEA AND SYMPATHY,444,2493.02,4.8589361702127665,46
2011-11-14,HOT WATER BOTTLE TEA AND SYMPATHY,567,2939.05,4.918166666666666,59
2011-11-21,HOT WATER BOTTLE TEA AND SYMPATHY,357,2262.73,4.97,47
2011-11-28,HOT WATER BOTTLE TEA AND SYMPATHY,438,2460.96,5.251,50
2011-12-05,HOT WATER BOTTLE TEA AND SYMPATHY,485,3120.21,5.62,44
2010-05-10,JUMBO BAG RED RETROSPOT,124,216.32,2.23,6
2010-05-17,JUMBO BAG RED RETROSPOT,534,939.38,2.2172727272727273,22
2010-05-24,JUMBO BAG RED RETROSPOT,740,1345.6,2.096842105263158,37
2010-05-31,JUMBO BAG RED RETROSPOT,734,1326.5,2.432285714285714,33
2010-06-07,JUMBO BAG RED RETROSPOT,947,1740.29,2.2363999999999997,48
2010-06-14,JUMBO BAG RED RETROSPOT,696,1259.8,2.203658536585366,41
2010-06-21,JUMBO BAG RED RETROSPOT,751,1392.22,2.32275,40
2010-06-28,JUMBO BAG RED RETROSPOT,1405,2489.35,2.1040425531914893,46
2010-07-05,JUMBO BAG RED RETROSPOT,688,1379.32,2.9875,38
2010-07-12,JUMBO BAG RED RETROSPOT,865,1524.83,2.151111111111111,34
2010-07-19,JUMBO BAG RED RETROSPOT,1268,2235.16,2.2036363636363636,43
2010-07-26,JUMBO BAG RED RETROSPOT,618,1225.44,2.2325,40
2010-08-02,JUMBO BAG RED RETROSPOT,726,1343.08,2.208974358974359,39
2010-08-09,JUMBO BAG RED RETROSPOT,925,1996.93,2.4351063829787236,45
2010-08-16,JUMBO BAG RED RETROSPOT,189,349.85,2.372,10
2010-08-23,JUMBO BAG RED RETROSPOT,1,1.95,1.95,1
2010-08-30,JUMBO BAG RED RETROSPOT,1898,3219.09,1.9773076923076922,25
2010-09-06,JUMBO BAG RED RETROSPOT,1313,2315.21,2.1316326530612244,48
2010-09-13,JUMBO BAG RED RETROSPOT,1118,2022.7,2.097843137254902,50
2010-09-20,JUMBO BAG RED RETROSPOT,1515,3129.0099999999998,2.3158974358974356,39
2010-09-27,JUMBO BAG RED RETROSPOT,1718,3423.53,2.2111475409836063,60
2010-10-04,JUMBO BAG RED RETROSPOT,1015,2026.7,2.2022,50
2010-10-11,JUMBO BAG RED RETROSPOT,1866,3265.55,2.070877192982456,55
2010-10-18,JUMBO BAG RED RETROSPOT,783,1415.27,2.143809523809524,42
2010-10-25,JUMBO BAG RED RETROSPOT,515,975.81,2.1084615384615386,38
2010-11-01,JUMBO BAG RED RETROSPOT,793,1454.29,2.1795454545454542,44
2010-11-08,JUMBO BAG RED RETROSPOT,2129,3769.25,2.007704918032787,54
2010-11-15,JUMBO BAG RED RETROSPOT,1215,2189.34,2.1009523809523807,62
2010-11-22,JUMBO BAG RED RETROSPOT,1223,2221.19,2.170757575757576,64
2010-11-29,JUMBO BAG RED RETROSPOT,2459,4270.71,2.2735955056179775,56
2010-12-06,JUMBO BAG RED RETROSPOT,1578,2925.64,2.6764102564102563,42
2010-12-13,JUMBO BAG RED RETROSPOT,427,863.67,2.5394117647058825,34
2010-12-20,JUMBO BAG RED RETROSPOT,180,361.68,3.1438461538461535,13
2011-01-03,JUMBO BAG RED RETROSPOT,1374,2328.34,1.9448148148148148,27
2011-01-10,JUMBO BAG RED RETROSPOT,225,544.11,2.9764285714285714,28
2011-01-17,JUMBO BAG RED RETROSPOT,594,1145.1200000000001,2.975806451612903,31
2011-01-24,JUMBO BAG RED RETROSPOT,502,904.7,2.5746153846153845,26
2011-01-31,JUMBO BAG RED RETROSPOT,965,1786.35,2.465813953488372,43
2011-02-07,JUMBO BAG RED RETROSPOT,288,568.66,2.662380952380952,21
2011-02-14,JUMBO BAG RED RETROSPOT,985,1732.75,2.51,29
2011-02-21,JUMBO BAG RED RETROSPOT,810,1482.34,2.5439999999999996,30
2011-02-28,JUMBO BAG RED RETROSPOT,624,1152.96,2.2106666666666666,29
2011-03-07,JUMBO BAG RED RETROSPOT,738,1356.16,2.413243243243243,37
2011-03-14,JUMBO BAG RED RETROSPOT,1546,2718.16,2.8938888888888887,36
2011-03-21,JUMBO BAG RED RETROSPOT,1379,2443.55,2.5165116279069766,43
2011-03-28,JUMBO BAG RED RETROSPOT,1103,2672.85,2.663888888888889,36
2011-04-04,JUMBO BAG RED RETROSPOT,975,1876.6599999999999,2.0971875,32
2011-04-11,JUMBO BAG RED RETROSPOT,616,1196.78,2.525,30
2011-04-18,JUMBO BAG RED RETROSPOT,549,1131.81,2.744242424242424,32
2011-04-25,JUMBO BAG RED RETROSPOT,385,817.65,2.747777777777778,27
2011-05-02,JUMBO BAG RED RETROSPOT,380,813.7,2.333,37
2011-05-09,JUMBO BAG RED RETROSPOT,1206,2339.73,2.751272727272727,55
2011-05-16,JUMBO BAG RED RETROSPOT,978,1906.99,2.4259574468085106,47
2011-05-23,JUMBO BAG RED RETROSPOT,933,1802.34,2.6300000000000003,42
2011-05-30,JUMBO BAG RED RETROSPOT,273,579.84,2.7536666666666667,29
2011-06-06,JUMBO BAG RED RETROSPOT,883,1835.74,2.714745762711864,59
2011-06-13,JUMBO BAG RED RETROSPOT,959,1840.92,2.4762162162162165,37
2011-06-20,JUMBO BAG RED RETROSPOT,841,1626.53,2.7135135135135138,36
2011-06-27,JUMBO BAG RED RETROSPOT,815,1568.55,2.636451612903226,31
2011-07-04,JUMBO BAG RED RETROSPOT,1364,2686.52,2.765614035087719,57
2011-07-11,JUMBO BAG RED RETROSPOT,431,866.33,2.4263636363636367,33
2011-07-18,JUMBO BAG RED RETROSPOT,733,1453.59,2.5450000000000004,46
2011-07-25,JUMBO BAG RED RETROSPOT,540,1106.2,2.5267500000000003,40
2011-08-01,JUMBO BAG RED RETROSPOT,1050,1988.6499999999999,2.2915,40
2011-08-08,JUMBO BAG RED RETROSPOT,1373,2815.94,2.358205128205128,37
2011-08-15,JUMBO BAG RED RETROSPOT,1356,2581.23,2.078372093023256,43
2011-08-22,JUMBO BAG RED RETROSPOT,1518,2941.59,2.130454545454546,43
2011-08-29,JUMBO BAG RED RETROSPOT,717,1554.01,2.665909090909091,44
2011-09-05,JUMBO BAG RED RETROSPOT,556,1162.03,2.4521621621621623,37
2011-09-12,JUMBO BAG RED RETROSPOT,743,1571.19,2.344313725490196,48
2011-09-19,JUMBO BAG RED RETROSPOT,1667,3193.01,2.352181818181818,55
2011-09-26,JUMBO BAG RED RETROSPOT,929,1885.72,2.2976470588235296,51
2011-10-03,JUMBO BAG RED RETROSPOT,2709,5007.07,2.2598039215686274,49
2011-10-10,JUMBO BAG RED RETROSPOT,947,1886.66,2.3122448979591836,47
2011-10-17,JUMBO BAG RED RETROSPOT,1045,2021.85,2.3017073170731708,41
2011-10-24,JUMBO BAG RED RETROSPOT,600,1238.9,2.326842105263158,37
2011-10-31,JUMBO BAG RED RETROSPOT,1063,2146.24,2.4829166666666667,48
2011-11-07,JUMBO BAG RED RETROSPOT,2200,4228.85,2.3153521126760563,70
2011-11-14,JUMBO BAG RED RETROSPOT,1602,3102.01,2.2991666666666664,60
2011-11-21,JUMBO BAG RED RETROSPOT,753,1581.84,2.4167391304347827,45
2011-11-28,JUMBO BAG RED RETROSPOT,1050,2126.85,2.5277358490566035,52
2011-12-05,JUMBO BAG RED RETROSPOT,451,1001.33,2.611842105263158,37
2009-11-30,JUMBO BAG STRAWBERRY,246,456.75,2.0476190476190474,20
2009-12-07,JUMBO BAG STRAWBERRY,388,671.3000000000001,2.20625,16
2009-12-14,JUMBO BAG STRAWBERRY,271,514.9,2.55,23
2009-12-21,JUMBO BAG STRAWBERRY,21,40.95,1.95,3
2010-01-04,JUMBO BAG STRAWBERRY,358,608.1,1.9124999999999999,8
2010-01-11,JUMBO BAG STRAWBERRY,246,424.31,2.428888888888889,9
2010-01-18,JUMBO BAG STRAWBERRY,286,499.96000000000004,2.05375,16
2010-01-25,JUMBO BAG STRAWBERRY,130,260.28,2.2158823529411764,15
2010-02-01,JUMBO BAG STRAWBERRY,157,308.40999999999997,2.123846153846154,13
2010-02-08,JUMBO BAG STRAWBERRY,177,321.93,2.1281818181818184,11
2010-02-15,JUMBO BAG STRAWBERRY,588,1010.16,2.33625,16
2010-02-22,JUMBO BAG STRAWBERRY,96,187.2,1.9499999999999997,13
2010-03-01,JUMBO BAG STRAWBERRY,415,730.55,2.21375,16
2010-03-08,JUMBO BAG STRAWBERRY,169,304.07,2.2514285714285713,14
2010-03-15,JUMBO BAG STRAWBERRY,323,576.63,2.2752631578947367,19
2010-03-22,JUMBO BAG STRAWBERRY,366,669.52,2.230909090909091,22
2010-03-29,JUMBO BAG STRAWBERRY,334,600.34,2.05375,16
2010-04-05,JUMBO BAG STRAWBERRY,271,479.75,2.425384615384615,12
2010-04-12,JUMBO BAG STRAWBERRY,285,495.75,1.9124999999999999,16
2010-04-19,JUMBO BAG STRAWBERRY,518,951.74,2.386551724137931,29
2010-04-26,JUMBO BAG STRAWBERRY,784,1378.8,1.921875,31
2010-05-03,JUMBO BAG STRAWBERRY,379,651.31,2.0685714285714285,14
2010-05-10,JUMBO BAG STRAWBERRY,367,671.4699999999999,2.262142857142857,26
2010-05-17,JUMBO BAG STRAWBERRY,320,564.0,1.93125,16
2010-05-24,JUMBO BAG STRAWBERRY,503,899.89,2.1599999999999997,28
2010-05-31,JUMBO BAG STRAWBERRY,251,463.97,2.043333333333333,20
2010-06-07,JUMBO BAG STRAWBERRY,308,575.16,2.076451612903226,30
2010-06-14,JUMBO BAG STRAWBERRY,139,282.34999999999997,2.2976923076923077,26
2010-06-21,JUMBO BAG STRAWBERRY,419,767.61,2.335185185185185,27
2010-06-28,JUMBO BAG STRAWBERRY,894,1544.16,2.185625,32
2010-07-05,JUMBO BAG STRAWBERRY,605,1086.87,2.310714285714286,26
2010-07-12,JUMBO BAG STRAWBERRY,369,677.63,2.3016666666666663,24
2010-07-19,JUMBO BAG STRAWBERRY,556,1005.5,2.146,29
2010-07-26,JUMBO BAG STRAWBERRY,356,680.87,2.318846153846154,26
2010-08-02,JUMBO BAG STRAWBERRY,308,578.16,2.259,19
2010-08-09,JUMBO BAG STRAWBERRY,1254,2439.7599999999998,2.5368571428571425,34
2010-08-16,JUMBO BAG STRAWBERRY,429,760.11,2.244,20
2010-08-23,JUMBO BAG STRAWBERRY,434,825.34,2.1992307692307693,26
2010-08-30,JUMBO BAG STRAWBERRY,826,1451.66,2.4217857142857144,27
2010-09-06,JUMBO BAG STRAWBERRY,563,1048.17,2.0570967741935484,30
2010-09-13,JUMBO BAG STRAWBERRY,218,445.44,2.3804761904761906,21
2010-09-20,JUMBO BAG STRAWBERRY,374,753.54,2.424,25
2010-09-27,JUMBO BAG STRAWBERRY,132,391.02,2.8594444444444442,18
2010-10-04,JUMBO BAG STRAWBERRY,451,851.92,2.2864999999999998,20
2010-10-11,JUMBO BAG STRAWBERRY,602,1049.34,2.1816666666666666,17
2010-10-18,JUMBO BAG STRAWBERRY,184,420.38,2.7964285714285713,14
2010-10-25,JUMBO BAG STRAWBERRY,165,348.26,2.288,15
2010-11-01,JUMBO BAG STRAWBERRY,209,386.59,2.31,18
2010-11-08,JUMBO BAG STRAWBERRY,1185,2072.37,2.3403225806451613,27
2010-11-15,JUMBO BAG STRAWBERRY,333,638.8199999999999,2.4994736842105265,19
2010-11-22,JUMBO BAG STRAWBERRY,175,356.76,3.0083333333333333,12
2010-11-29,JUMBO BAG STRAWBERRY,199,441.19,2.6613793103448273,19
2010-12-06,JUMBO BAG STRAWBERRY,315,626.9,2.6465625,18
2010-12-13,JUMBO BAG STRAWBERRY,229,437.74,2.74,15
2010-12-20,JUMBO BAG STRAWBERRY,11,48.86,4.493333333333333,6
2011-01-03,JUMBO BAG STRAWBERRY,703,1254.46,2.4521052631578946,19
2011-01-10,JUMBO BAG STRAWBERRY,349,628.13,3.14,14
2011-01-17,JUMBO BAG STRAWBERRY,269,475.45,2.522222222222222,18
2011-01-24,JUMBO BAG STRAWBERRY,93,177.53,2.138,10
2011-01-31,JUMBO BAG STRAWBERRY,381,668.21,2.3838461538461537,13
2011-02-07,JUMBO BAG STRAWBERRY,70,143.04,2.2225,8
2011-02-14,JUMBO BAG STRAWBERRY,248,436.68,2.73,8
2011-02-21,JUMBO BAG STRAWBERRY,276,486.92,2.3459999999999996,13
2011-02-28,JUMBO BAG STRAWBERRY,285,573.19,2.272962962962963,27
2011-03-07,JUMBO BAG STRAWBERRY,401,702.85,2.2626315789473685,18
2011-03-14,JUMBO BAG STRAWBERRY,1012,1707.48,2.263333333333333,12
2011-03-21,JUMBO BAG STRAWBERRY,676,1174.74,2.087391304347826,22
2011-03-28,JUMBO BAG STRAWBERRY,742,1852.46,2.2747619047619048,21
2011-04-04,JUMBO BAG STRAWBERRY,266,513.83,2.2594736842105263,18
2011-04-11,JUMBO BAG STRAWBERRY,166,314.98,2.041818181818182,11
2011-04-18,JUMBO BAG STRAWBERRY,6,12.48,2.08,3
2011-04-25,JUMBO BAG STRAWBERRY,100,174.0,1.74,1
2011-05-09,JUMBO BAG STRAWBERRY,428,801.94,2.0175,15
2011-05-16,JUMBO BAG STRAWBERRY,142,307.66,2.4899999999999998,20
2011-05-23,JUMBO BAG STRAWBERRY,423,801.0400000000001,2.2476190476190476,21
2011-05-30,JUMBO BAG STRAWBERRY,407,782.11,2.6172222222222223,18
2011-06-06,JUMBO BAG STRAWBERRY,433,822.99,2.413214285714286,27
2011-06-13,JUMBO BAG STRAWBERRY,234,459.77000000000004,2.2153846153846155,13
2011-06-20,JUMBO BAG STRAWBERRY,605,1119.55,2.3894444444444445,17
2011-06-27,JUMBO BAG STRAWBERRY,351,669.13,2.163529411764706,17
2011-07-04,JUMBO BAG STRAWBERRY,513,960.74,2.5204761904761903,21
2011-07-11,JUMBO BAG STRAWBERRY,29,62.370000000000005,2.4899999999999998,5
2011-07-18,JUMBO BAG STRAWBERRY,140,303.5,2.266363636363636,22
2011-07-25,JUMBO BAG STRAWBERRY,434,827.12,2.46875,23
2011-08-01,JUMBO BAG STRAWBERRY,547,1027.01,2.3596,25
2011-08-08,JUMBO BAG STRAWBERRY,320,617.85,2.4055555555555554,17
2011-08-15,JUMBO BAG STRAWBERRY,328,620.24,2.0412500000000002,16
2011-08-22,JUMBO BAG STRAWBERRY,872,1601.76,2.0142105263157895,19
2011-08-29,JUMBO BAG STRAWBERRY,278,555.4399999999999,3.114117647058823,17
2011-09-05,JUMBO BAG STRAWBERRY,189,386.67,2.651904761904762,21
2011-09-12,JUMBO BAG STRAWBERRY,302,580.41,2.4778571428571428,14
2011-09-19,JUMBO BAG STRAWBERRY,579,1096.8700000000001,2.3314285714285714,21
2011-09-26,JUMBO BAG STRAWBERRY,206,406.08,2.5258823529411765,16
2011-10-03,JUMBO BAG STRAWBERRY,1172,2109.11,2.333529411764706,17
2011-10-10,JUMBO BAG STRAWBERRY,171,331.93,2.604,15
2011-10-17,JUMBO BAG STRAWBERRY,433,821.84,2.3585000000000003,20
2011-10-24,JUMBO BAG STRAWBERRY,30,72.65,2.9585714285714286,7
2011-10-31,JUMBO BAG STRAWBERRY,203,386.54,2.1814285714285715,14
2011-11-07,JUMBO BAG STRAWBERRY,311,601.1800000000001,2.495,24
2011-11-14,JUMBO BAG STRAWBERRY,196,376.73,2.1875,16
2011-11-21,JUMBO BAG STRAWBERRY,52,114.31,2.4899999999999998,9
2011-11-28,JUMBO BAG STRAWBERRY,436,823.13,2.233809523809524,21
2011-12-05,JUMBO BAG STRAWBERRY,39,87.27,2.7633333333333336,9
2011-01-17,MEDIUM CERAMIC TOP STORAGE JAR,74215,77183.6,1.04,1
2011-05-09,MEDIUM CERAMIC TOP STORAGE JAR,192,209.76,1.1975,8
2011-05-16,MEDIUM CERAMIC TOP STORAGE JAR,393,435.61,1.3928571428571428,14
2011-05-23,MEDIUM CERAMIC TOP STORAGE JAR,215,243.35000000000002,1.3158333333333332,12
2011-05-30,MEDIUM CERAMIC TOP STORAGE JAR,67,84.96000000000001,1.422857142857143,7
2011-06-06,MEDIUM CERAMIC TOP STORAGE JAR,145,176.01,1.4341666666666668,12
2011-06-13,MEDIUM CERAMIC TOP STORAGE JAR,125,136.09,1.208,5
2011-06-20,MEDIUM CERAMIC TOP STORAGE JAR,54,69.92,1.5525,8
2011-06-27,MEDIUM CERAMIC TOP STORAGE JAR,7,8.75,1.25,2
2011-07-04,MEDIUM CERAMIC TOP STORAGE JAR,82,100.89,1.8988888888888888,9
2011-07-11,MEDIUM CERAMIC TOP STORAGE JAR,94,112.26,1.52625,8
2011-07-18,MEDIUM CERAMIC TOP STORAGE JAR,193,200.93,1.11,3
2011-07-25,MEDIUM CERAMIC TOP STORAGE JAR,362,443.63,1.4166666666666667,6
2011-08-01,MEDIUM CERAMIC TOP STORAGE JAR,128,169.68,1.3364285714285715,13
2011-08-08,MEDIUM CERAMIC TOP STORAGE JAR,59,79.8,1.5957142857142856,7
2011-08-15,MEDIUM CERAMIC TOP STORAGE JAR,141,156.09,1.208,5
2011-08-22,MEDIUM CERAMIC TOP STORAGE JAR,82,107.34,1.492,10
2011-08-29,MEDIUM CERAMIC TOP STORAGE JAR,24,37.26,2.0566666666666666,6
2011-09-05,MEDIUM CERAMIC TOP STORAGE JAR,129,144.72,1.3816666666666666,6
2011-09-12,MEDIUM CERAMIC TOP STORAGE JAR,39,48.75,1.25,5
2011-09-19,MEDIUM CERAMIC TOP STORAGE JAR,92,104.92,1.22375,7
2011-09-26,MEDIUM CERAMIC TOP STORAGE JAR,79,98.75,1.25,8
2011-10-03,MEDIUM CERAMIC TOP STORAGE JAR,42,56.13,1.734,5
2011-10-10,MEDIUM CERAMIC TOP STORAGE JAR,82,97.26,1.6183333333333334,6
2011-10-17,MEDIUM CERAMIC TOP STORAGE JAR,57,72.46000000000001,1.3844444444444446,9
2011-10-24,MEDIUM CERAMIC TOP STORAGE JAR,63,84.8,1.3844444444444446,9
2011-10-31,MEDIUM CERAMIC TOP STORAGE JAR,33,43.67,1.492,5
2011-11-07,MEDIUM CERAMIC TOP STORAGE JAR,85,113.11,1.7644444444444443,8
2011-11-14,MEDIUM CERAMIC TOP STORAGE JAR,36,48.63,1.5525,8
2011-11-21,MEDIUM CERAMIC TOP STORAGE JAR,422,473.07,1.3641666666666667,12
2011-11-28,MEDIUM CERAMIC TOP STORAGE JAR,119,150.77,1.6992307692307693,13
2011-12-05,MEDIUM CERAMIC TOP STORAGE JAR,177,207.95000000000002,1.6920000000000002,10
2009-11-30,PAPER CHAIN KIT 50'S CHRISTMAS,2060,5604.38,3.435057471264368,84
2009-12-07,PAPER CHAIN KIT 50'S CHRISTMAS,663,2143.03,3.2664705882352942,49
2009-12-14,PAPER CHAIN KIT 50'S CHRISTMAS,572,2014.18,3.684146341463415,37
2009-12-21,PAPER CHAIN KIT 50'S CHRISTMAS,69,413.67,5.819285714285714,14
2010-01-11,PAPER CHAIN KIT 50'S CHRISTMAS,20,101.61,5.605,8
2010-01-18,PAPER CHAIN KIT 50'S CHRISTMAS,3,11.81,3.936666666666667,3
2010-03-01,PAPER CHAIN KIT 50'S CHRISTMAS,3,11.81,4.43,2
2010-03-15,PAPER CHAIN KIT 50'S CHRISTMAS,12,35.400000000000006,2.95,1
2010-03-29,PAPER CHAIN KIT 50'S CHRISTMAS,2,11.82,5.91,2
2010-04-19,PAPER CHAIN KIT 50'S CHRISTMAS,1,2.95,2.95,1
2010-04-26,PAPER CHAIN KIT 50'S CHRISTMAS,18,53.1,2.95,1
2010-05-03,PAPER CHAIN KIT 50'S CHRISTMAS,46,119.7,2.75,2
2010-05-10,PAPER CHAIN KIT 50'S CHRISTMAS,6,17.700000000000003,2.95,1
2010-05-17,PAPER CHAIN KIT 50'S CHRISTMAS,6,17.700000000000003,2.95,2
2010-05-31,PAPER CHAIN KIT 50'S CHRISTMAS,4,11.8,2.9500000000000006,2
2010-06-07,PAPER CHAIN KIT 50'S CHRISTMAS,3,11.81,4.43,2
2010-06-14,PAPER CHAIN KIT 50'S CHRISTMAS,28,82.6,2.9500000000000006,3
2010-06-21,PAPER CHAIN KIT 50'S CHRISTMAS,305,782.71,3.8033333333333332,3
2010-06-28,PAPER CHAIN KIT 50'S CHRISTMAS,44,129.8,2.9500000000000006,3
2010-07-05,PAPER CHAIN KIT 50'S CHRISTMAS,14,47.22,4.923333333333333,3
2010-07-12,PAPER CHAIN KIT 50'S CHRISTMAS,3,8.850000000000001,2.9500000000000006,2
2010-07-19,PAPER CHAIN KIT 50'S CHRISTMAS,50,131.5,2.75,2
2010-07-26,PAPER CHAIN KIT 50'S CHRISTMAS,128,348.56,3.27,8
2010-08-02,PAPER CHAIN KIT 50'S CHRISTMAS,142,373.86,3.258571428571429,7
2010-08-09,PAPER CHAIN KIT 50'S CHRISTMAS,74,222.64000000000001,3.9877777777777776,9
2010-08-16,PAPER CHAIN KIT 50'S CHRISTMAS,19,56.05000000000001,2.95,5
2010-08-23,PAPER CHAIN KIT 50'S CHRISTMAS,27,88.53000000000002,3.936666666666667,3
2010-08-30,PAPER CHAIN KIT 50'S CHRISTMAS,3,20.31,6.77,1
2010-09-06,PAPER CHAIN KIT 50'S CHRISTMAS,12,35.400000000000006,2.95,4
2010-09-13,PAPER CHAIN KIT 50'S CHRISTMAS,344,832.8,2.8035714285714284,14
2010-09-20,PAPER CHAIN KIT 50'S CHRISTMAS,431,1194.93,3.2243589743589745,38
2010-09-27,PAPER CHAIN KIT 50'S CHRISTMAS,495,1385.5900000000001,3.0795000000000003,37
2010-10-04,PAPER CHAIN KIT 50'S CHRISTMAS,1516,4046.9599999999996,3.156521739130435,46
2010-10-11,PAPER CHAIN KIT 50'S CHRISTMAS,530,1497.38,3.2601960784313726,48
2010-10-18,PAPER CHAIN KIT 50'S CHRISTMAS,406,1289.88,3.4028888888888886,44
2010-10-25,PAPER CHAIN KIT 50'S CHRISTMAS,469,1432.05,3.4395000000000002,38
2010-11-01,PAPER CHAIN KIT 50'S CHRISTMAS,1555,4225.33,3.1837500000000003,63
2010-11-08,PAPER CHAIN KIT 50'S CHRISTMAS,1675,7569.01,3.3181818181818183,72
2010-11-15,PAPER CHAIN KIT 50'S CHRISTMAS,1791,9020.33,3.354864864864865,72
2010-11-22,PAPER CHAIN KIT 50'S CHRISTMAS,1756,5735.62,3.2220833333333334,92
2010-11-29,PAPER CHAIN KIT 50'S CHRISTMAS,1832,6640.66,3.1669565217391304,78
2010-12-06,PAPER CHAIN KIT 50'S CHRISTMAS,1827,6881.6900000000005,3.2750381679389315,74
2010-12-13,PAPER CHAIN KIT 50'S CHRISTMAS,597,2149.75,3.641875,32
2010-12-20,PAPER CHAIN KIT 50'S CHRISTMAS,125,602.57,4.974444444444445,9
2011-01-03,PAPER CHAIN KIT 50'S CHRISTMAS,16,96.28,6.082,5
2011-01-10,PAPER CHAIN KIT 50'S CHRISTMAS,6,35.46,5.91,3
2011-01-17,PAPER CHAIN KIT 50'S CHRISTMAS,2,11.58,5.79,2
2011-02-14,PAPER CHAIN KIT 50'S CHRISTMAS,2,13.26,6.63,1
2011-02-21,PAPER CHAIN KIT 50'S CHRISTMAS,2,5.9,2.95,1
2011-02-28,PAPER CHAIN KIT 50'S CHRISTMAS,45,119.59,3.763333333333333,3
2011-03-07,PAPER CHAIN KIT 50'S CHRISTMAS,1,2.95,2.95,1
2011-03-21,PAPER CHAIN KIT 50'S CHRISTMAS,42,115.26,4.59,2
2011-03-28,PAPER CHAIN KIT 50'S CHRISTMAS,3,8.850000000000001,2.95,1
2011-04-04,PAPER CHAIN KIT 50'S CHRISTMAS,9,29.390000000000004,3.66,3
2011-04-18,PAPER CHAIN KIT 50'S CHRISTMAS,1,5.79,5.79,1
2011-05-02,PAPER CHAIN KIT 50'S CHRISTMAS,4,23.16,5.79,1
2011-05-09,PAPER CHAIN KIT 50'S CHRISTMAS,13,42.03000000000001,4.79,2
2011-06-06,PAPER CHAIN KIT 50'S CHRISTMAS,2,12.42,6.21,2
2011-06-13,PAPER CHAIN KIT 50'S CHRISTMAS,1,5.79,5.79,1
2011-06-20,PAPER CHAIN KIT 50'S CHRISTMAS,6,17.700000000000003,2.95,1
2011-06-27,PAPER CHAIN KIT 50'S CHRISTMAS,365,963.47,3.4966666666666666,6
2011-07-04,PAPER CHAIN KIT 50'S CHRISTMAS,18,53.10000000000001,2.95,2
2011-07-11,PAPER CHAIN KIT 50'S CHRISTMAS,16,55.720000000000006,4.086,5
2011-07-18,PAPER CHAIN KIT 50'S CHRISTMAS,32,111.12,4.807777777777778,9
2011-07-25,PAPER CHAIN KIT 50'S CHRISTMAS,287,769.49,3.0761538461538462,13
2011-08-01,PAPER CHAIN KIT 50'S CHRISTMAS,281,735.79,3.0877777777777777,9
2011-08-08,PAPER CHAIN KIT 50'S CHRISTMAS,22,68.58000000000001,3.87,4
2011-08-15,PAPER CHAIN KIT 50'S CHRISTMAS,36,120.92000000000002,3.41,7
2011-08-22,PAPER CHAIN KIT 50'S CHRISTMAS,28,86.28000000000002,3.475714285714286,7
2011-08-29,PAPER CHAIN KIT 50'S CHRISTMAS,192,520.28,4.233076923076923,12
2011-09-05,PAPER CHAIN KIT 50'S CHRISTMAS,495,1347.29,3.4716000000000005,25
2011-09-12,PAPER CHAIN KIT 50'S CHRISTMAS,601,1717.63,3.323617021276596,45
2011-09-19,PAPER CHAIN KIT 50'S CHRISTMAS,602,1755.7400000000002,3.2433333333333336,55
2011-09-26,PAPER CHAIN KIT 50'S CHRISTMAS,359,1047.53,3.3233333333333333,36
2011-10-03,PAPER CHAIN KIT 50'S CHRISTMAS,977,2708.63,3.3492307692307692,52
2011-10-10,PAPER CHAIN KIT 50'S CHRISTMAS,819,2342.01,3.3877777777777776,53
2011-10-17,PAPER CHAIN KIT 50'S CHRISTMAS,756,2222.96,3.3491666666666666,48
2011-10-24,PAPER CHAIN KIT 50'S CHRISTMAS,764,2264.1600000000003,3.2447692307692306,64
2011-10-31,PAPER CHAIN KIT 50'S CHRISTMAS,1745,5019.150000000001,3.2823076923076924,64
2011-11-07,PAPER CHAIN KIT 50'S CHRISTMAS,1436,6303.16,3.3981818181818184,84
2011-11-14,PAPER CHAIN KIT 50'S CHRISTMAS,2161,9485.150000000001,3.2124299065420563,100
2011-11-21,PAPER CHAIN KIT 50'S CHRISTMAS,1692,5701.16,3.1972727272727277,96
2011-11-28,PAPER CHAIN KIT 50'S CHRISTMAS,1564,4612.8,3.1076923076923078,101
2011-12-05,PAPER CHAIN KIT 50'S CHRISTMAS,1492,5168.96,3.2678082191780824,70
2011-12-05,"PAPER CRAFT , LITTLE BIRDIE",80995,168469.6,2.08,1
2009-11-30,PARTY BUNTING,46,217.9,5.094444444444445,9
2009-12-07,PARTY BUNTING,19,96.35,5.983333333333334,6
2009-12-14,PARTY BUNTING,52,269.8,5.880769230769231,13
2009-12-21,PARTY BUNTING,1,8.65,8.65,1
2010-01-04,PARTY BUNTING,47,218.55,4.65,7
2010-01-11,PARTY BUNTING,64,328.52,6.271666666666667,12
2010-01-18,PARTY BUNTING,49,254.59,5.796000000000001,10
2010-01-25,PARTY BUNTING,186,783.64,5.039333333333333,14
2010-02-01,PARTY BUNTING,53,261.73,5.414000000000001,13
2010-02-08,PARTY BUNTING,51,256.25,5.468571428571429,14
2010-02-15,PARTY BUNTING,159,781.37,5.480434782608696,23
2010-02-22,PARTY BUNTING,79,390.27000000000004,5.1275,16
2010-03-01,PARTY BUNTING,78,435.28000000000003,5.987,20
2010-03-08,PARTY BUNTING,262,1152.3200000000002,5.4021739130434785,23
2010-03-15,PARTY BUNTING,224,1014.34,5.145862068965518,26
2010-03-22,PARTY BUNTING,212,1008.72,5.1593333333333335,30
2010-03-29,PARTY BUNTING,149,1210.73,6.695600000000001,25
2010-04-05,PARTY BUNTING,179,885.3100000000001,6.345454545454547,22
2010-04-12,PARTY BUNTING,386,1600.5,4.5600000000000005,29
2010-04-19,PARTY BUNTING,525,2495.37,5.811702127659575,47
2010-04-26,PARTY BUNTING,418,2114.56,5.813137254901961,51
2010-05-03,PARTY BUNTING,565,2517.71,5.5486956521739135,45
2010-05-10,PARTY BUNTING,442,1877.24,5.161666666666667,36
2010-05-17,PARTY BUNTING,450,2110.88,5.311142857142857,35
2010-05-24,PARTY BUNTING,671,3068.73,5.609661016949153,58
2010-05-31,PARTY BUNTING,301,1454.8100000000002,5.824857142857143,33
2010-06-07,PARTY BUNTING,716,3233.52,5.083214285714286,54
2010-06-14,PARTY BUNTING,142,744.5,5.701176470588235,15
2010-06-21,PARTY BUNTING,52,440.44000000000005,8.47,6
2010-06-28,PARTY BUNTING,51,321.19,6.832857142857144,7
2010-07-05,PARTY BUNTING,52,241.8,4.65,7
2010-07-12,PARTY BUNTING,44,319.20000000000005,6.287142857142858,7
2010-07-19,PARTY BUNTING,52,329.66,5.923333333333334,9
2010-07-26,PARTY BUNTING,34,287.98,8.47,4
2010-08-02,PARTY BUNTING,57,475.15000000000003,7.515000000000001,8
2010-08-09,PARTY BUNTING,188,1696.4900000000002,8.379285714285714,14
2010-08-16,PARTY BUNTING,351,3220.36,8.234444444444444,9
2010-08-23,PARTY BUNTING,9,76.23,8.47,1
2010-08-30,PARTY BUNTING,8,67.76,8.47,4
2010-09-06,PARTY BUNTING,6,31.720000000000002,5.414,5
2010-09-20,PARTY BUNTING,99,415.35,4.5,6
2010-09-27,PARTY BUNTING,916,3601.04,4.613243243243243,36
2010-10-04,PARTY BUNTING,262,1078.12,4.715882352941176,16
2010-10-11,PARTY BUNTING,333,1514.39,4.987,39
2010-10-18,PARTY BUNTING,167,746.83,5.130000000000001,21
2010-10-25,PARTY BUNTING,155,634.35,4.59375,16
2010-11-01,PARTY BUNTING,58,284.98,5.324117647058824,16
2010-11-08,PARTY BUNTING,98,463.34000000000003,5.0744444444444445,18
2010-11-15,PARTY BUNTING,286,1178.3400000000001,5.4750000000000005,21
2010-11-22,PARTY BUNTING,67,387.53000000000003,6.839473684210527,19
2010-11-29,PARTY BUNTING,88,516.6,6.253703703703705,20
2010-12-06,PARTY BUNTING,308,1462.74,6.802222222222223,19
2010-12-13,PARTY BUNTING,29,154.8,6.263,10
2010-12-20,PARTY BUNTING,24,151.93,7.6925,12
2011-01-03,PARTY BUNTING,145,586.71,5.298888888888889,9
2011-01-10,PARTY BUNTING,85,468.89,5.434,14
2011-01-17,PARTY BUNTING,69,373.39,6.684444444444444,17
2011-01-24,PARTY BUNTING,171,760.41,5.62764705882353,16
2011-01-31,PARTY BUNTING,232,1072.02,6.315714285714286,20
2011-02-07,PARTY BUNTING,292,1254.96,5.91952380952381,21
2011-02-14,PARTY BUNTING,189,908.11,5.933529411764706,17
2011-02-21,PARTY BUNTING,157,859.7900000000001,6.078,20
2011-02-28,PARTY BUNTING,255,1223.3,4.922962962962964,27
2011-03-07,PARTY BUNTING,205,1301.83,5.964642857142857,28
2011-03-14,PARTY BUNTING,606,2843.54,5.235217391304348,45
2011-03-21,PARTY BUNTING,325,1785.71,6.348918918918919,35
2011-03-28,PARTY BUNTING,376,2469.12,6.111142857142857,35
2011-04-04,PARTY BUNTING,460,2322.28,5.558301886792454,53
2011-04-11,PARTY BUNTING,542,3077.7000000000003,5.130425531914893,47
2011-04-18,PARTY BUNTING,648,3483.92,6.243090909090909,55
2011-04-25,PARTY BUNTING,276,1840.1200000000001,5.928285714285715,35
2011-05-02,PARTY BUNTING,984,5226.24,5.572857142857143,53
2011-05-09,PARTY BUNTING,756,4021.56,5.87875,61
2011-05-16,PARTY BUNTING,754,3918.6200000000003,5.337692307692308,64
2011-05-23,PARTY BUNTING,839,4652.41,5.576382978723403,47
2011-05-30,PARTY BUNTING,434,2327.02,5.913478260869565,45
2011-06-06,PARTY BUNTING,663,4019.9300000000003,5.674067796610169,58
2011-06-13,PARTY BUNTING,507,2932.77,5.4754901960784315,51
2011-06-20,PARTY BUNTING,598,2873.7,5.606410256410257,38
2011-06-27,PARTY BUNTING,276,1880.12,5.465294117647058,34
2011-07-04,PARTY BUNTING,901,4796.67,5.924693877551021,49
2011-07-11,PARTY BUNTING,354,1795.8200000000002,5.603658536585366,41
2011-07-18,PARTY BUNTING,935,5009.7300000000005,5.489772727272728,44
2011-07-25,PARTY BUNTING,520,2736.6800000000003,5.279565217391305,46
2011-08-01,PARTY BUNTING,431,2468.21,5.8118181818181816,33
2011-08-08,PARTY BUNTING,330,1938.94,6.239142857142857,35
2011-08-15,PARTY BUNTING,402,2050.94,5.078484848484848,33
2011-08-22,PARTY BUNTING,471,2730.41,5.429047619047619,41
2011-08-29,PARTY BUNTING,207,1410.09,7.354705882352941,34
2011-09-05,PARTY BUNTING,300,1825.4,6.259333333333333,30
2011-09-12,PARTY BUNTING,334,1668.5,5.480666666666667,29
2011-09-19,PARTY BUNTING,158,978.5,5.8966666666666665,29
2011-09-26,PARTY BUNTING,209,1076.31,5.252222222222223,36
2011-10-03,PARTY BUNTING,183,1151.1299999999999,5.834848484848485,33
2011-10-10,PARTY BUNTING,106,694.06,5.598888888888889,18
2011-10-17,PARTY BUNTING,211,1183.85,5.683478260869565,23
2011-10-24,PARTY BUNTING,78,432.82,5.68,16
2011-10-31,PARTY BUNTING,102,635.22,6.277058823529411,17
2011-11-07,PARTY BUNTING,135,785.0500000000001,5.784285714285715,27
2011-11-14,PARTY BUNTING,218,1055.74,5.480526315789473,19
2011-11-21,PARTY BUNTING,455,2182.49,6.369130434782609,23
2011-11-28,PARTY BUNTING,105,735.8299999999999,6.702,20
2011-12-05,PARTY BUNTING,69,470.03,7.505,16
2011-05-09,RABBIT NIGHT LIGHT,344,651.14,2.0272727272727273,22
2011-05-16,RABBIT NIGHT LIGHT,256,545.21,2.435151515151515,33
2011-05-23,RABBIT NIGHT LIGHT,454,937.7900000000001,2.38258064516129,30
2011-05-30,RABBIT NIGHT LIGHT,135,281.66,3.06875,15
2011-06-06,RABBIT NIGHT LIGHT,199,404.1,2.143913043478261,23
2011-06-13,RABBIT NIGHT LIGHT,642,1183.48,2.1396,25
2011-06-20,RABBIT NIGHT LIGHT,651,1235.0,2.325,30
2011-06-27,RABBIT NIGHT LIGHT,174,395.04,2.794375,16
2011-07-04,RABBIT NIGHT LIGHT,140,337.97,3.2954999999999997,20
2011-07-11,RABBIT NIGHT LIGHT,128,241.69,3.325,8
2011-07-18,RABBIT NIGHT LIGHT,2,8.26,4.13,2
2011-07-25,RABBIT NIGHT LIGHT,13,53.69,4.13,5
2011-08-01,RABBIT NIGHT LIGHT,6,24.78,4.13,3
2011-08-08,RABBIT NIGHT LIGHT,10,39.25,3.6174999999999997,4
2011-08-15,RABBIT NIGHT LIGHT,1,4.13,4.13,1
2011-08-22,RABBIT NIGHT LIGHT,768,1531.13,2.269285714285714,14
2011-08-29,RABBIT NIGHT LIGHT,1161,2154.98,2.7156666666666665,30
2011-09-05,RABBIT NIGHT LIGHT,10,41.3,4.13,7
2011-09-12,RABBIT NIGHT LIGHT,13,53.69,4.13,5
2011-09-19,RABBIT NIGHT LIGHT,35,144.55,4.13,7
2011-09-26,RABBIT NIGHT LIGHT,58,239.54,4.13,7
2011-10-03,RABBIT NIGHT LIGHT,373,698.0899999999999,3.795714285714286,7
2011-10-10,RABBIT NIGHT LIGHT,3,10.34,3.105,2
2011-10-17,RABBIT NIGHT LIGHT,14,57.82,4.13,3
2011-10-24,RABBIT NIGHT LIGHT,5593,10739.380000000001,1.9322727272727271,43
2011-10-31,RABBIT NIGHT LIGHT,2672,5249.900000000001,2.1848598130841124,97
2011-11-07,RABBIT NIGHT LIGHT,2646,7521.29,2.2883739837398376,115
2011-11-14,RABBIT NIGHT LIGHT,4279,10687.69,2.20078125,123
2011-11-21,RABBIT NIGHT LIGHT,2343,5109.77,2.2466363636363638,106
2011-11-28,RABBIT NIGHT LIGHT,4460,9265.64,2.19184,116
2011-12-05,RABBIT NIGHT LIGHT,3205,7116.69,2.3043589743589745,75
2010-03-15,REGENCY CAKESTAND 3 TIER,200,2511.24,13.53142857142857,41
2010-03-22,REGENCY CAKESTAND 3 TIER,423,4966.25,13.696296296296296,54
2010-03-29,REGENCY CAKESTAND 3 TIER,187,3107.77,14.425,44
2010-04-05,REGENCY CAKESTAND 3 TIER,231,2811.79,14.617804878048778,41
2010-04-12,REGENCY CAKESTAND 3 TIER,296,3457.2,12.516666666666666,53
2010-04-19,REGENCY CAKESTAND 3 TIER,355,4443.21,14.935666666666666,59
2010-04-26,REGENCY CAKESTAND 3 TIER,280,3578.3399999999997,15.248571428571427,70
2010-05-03,REGENCY CAKESTAND 3 TIER,311,3730.99,14.571724137931033,58
2010-05-10,REGENCY CAKESTAND 3 TIER,132,1647.56,13.918205128205127,39
2010-05-17,REGENCY CAKESTAND 3 TIER,28,407.96,15.066363636363635,11
2010-05-24,REGENCY CAKESTAND 3 TIER,15,383.27,25.528333333333332,12
2010-05-31,REGENCY CAKESTAND 3 TIER,93,1290.4499999999998,16.939,20
2010-06-07,REGENCY CAKESTAND 3 TIER,458,5517.46,14.184666666666665,74
2010-06-14,REGENCY CAKESTAND 3 TIER,449,5198.049999999999,13.314615384615385,52
2010-06-21,REGENCY CAKESTAND 3 TIER,178,2456.3199999999997,15.97943396226415,53
2010-06-28,REGENCY CAKESTAND 3 TIER,391,4554.09,13.723999999999998,59
2010-07-05,REGENCY CAKESTAND 3 TIER,176,2342.06,15.730454545454545,44
2010-07-12,REGENCY CAKESTAND 3 TIER,160,2123.1,14.669999999999998,36
2010-07-19,REGENCY CAKESTAND 3 TIER,456,5645.679999999999,15.804705882352941,68
2010-07-26,REGENCY CAKESTAND 3 TIER,581,6806.849999999999,13.906333333333333,60
2010-08-02,REGENCY CAKESTAND 3 TIER,296,3665.48,15.039767441860466,43
2010-08-09,REGENCY CAKESTAND 3 TIER,227,3058.79,15.151363636363635,43
2010-08-16,REGENCY CAKESTAND 3 TIER,196,2446.96,15.086410256410257,38
2010-08-23,REGENCY CAKESTAND 3 TIER,263,3265.21,14.22793103448276,57
2010-08-30,REGENCY CAKESTAND 3 TIER,449,5262.87,14.41181818181818,33
2010-09-06,REGENCY CAKESTAND 3 TIER,300,3750.2599999999998,14.31285714285714,48
2010-09-13,REGENCY CAKESTAND 3 TIER,380,4493.62,12.969999999999999,53
2010-09-20,REGENCY CAKESTAND 3 TIER,624,7503.0,14.760344827586207,58
2010-09-27,REGENCY CAKESTAND 3 TIER,429,5319.69,14.76529411764706,84
2010-10-04,REGENCY CAKESTAND 3 TIER,507,6009.009999999999,14.248507462686566,67
2010-10-11,REGENCY CAKESTAND 3 TIER,330,4291.639999999999,14.391967213114754,61
2010-10-18,REGENCY CAKESTAND 3 TIER,387,4843.45,13.389333333333333,60
2010-10-25,REGENCY CAKESTAND 3 TIER,642,7558.579999999999,13.62962962962963,54
2010-11-01,REGENCY CAKESTAND 3 TIER,247,3004.43,13.493703703703703,54
2010-11-08,REGENCY CAKESTAND 3 TIER,572,7716.36,14.18945945945946,69
2010-11-15,REGENCY CAKESTAND 3 TIER,573,7144.929999999999,13.734307692307693,62
2010-11-22,REGENCY CAKESTAND 3 TIER,511,6552.99,14.027999999999999,69
2010-11-29,REGENCY CAKESTAND 3 TIER,1551,19168.52,13.182807017543858,70
2010-12-06,REGENCY CAKESTAND 3 TIER,1287,16663.62,14.376725663716813,61
2010-12-13,REGENCY CAKESTAND 3 TIER,442,5919.72,14.3204,49
2010-12-20,REGENCY CAKESTAND 3 TIER,178,3329.7,16.39260869565217,21
2011-01-03,REGENCY CAKESTAND 3 TIER,251,3033.0099999999998,13.871290322580645,31
2011-01-10,REGENCY CAKESTAND 3 TIER,407,4919.5599999999995,13.803125,31
2011-01-17,REGENCY CAKESTAND 3 TIER,139,1823.61,13.467500000000001,24
2011-01-24,REGENCY CAKESTAND 3 TIER,231,2873.58,13.961250000000001,40
2011-01-31,REGENCY CAKESTAND 3 TIER,150,1890.6,14.381818181818183,33
2011-02-07,REGENCY CAKESTAND 3 TIER,139,1860.24,15.027931034482759,29
2011-02-14,REGENCY CAKESTAND 3 TIER,400,4651.74,13.205454545454545,33
2011-02-21,REGENCY CAKESTAND 3 TIER,204,2529.33,13.217272727272729,33
2011-02-28,REGENCY CAKESTAND 3 TIER,349,4096.8,13.881521739130434,45
2011-03-07,REGENCY CAKESTAND 3 TIER,190,2616.0,13.583225806451612,31
2011-03-14,REGENCY CAKESTAND 3 TIER,308,3740.45,13.674390243902439,39
2011-03-21,REGENCY CAKESTAND 3 TIER,329,4451.82,13.963199999999999,50
2011-03-28,REGENCY CAKESTAND 3 TIER,334,4189.3,13.624166666666667,47
2011-04-04,REGENCY CAKESTAND 3 TIER,282,3655.95,13.228333333333333,54
2011-04-11,REGENCY CAKESTAND 3 TIER,366,4422.03,12.9144,50
2011-04-18,REGENCY CAKESTAND 3 TIER,186,2500.5,14.086046511627908,42
2011-04-25,REGENCY CAKESTAND 3 TIER,325,3804.27,13.2228,25
2011-05-02,REGENCY CAKESTAND 3 TIER,171,2115.2999999999997,13.696363636363635,44
2011-05-09,REGENCY CAKESTAND 3 TIER,366,4290.54,12.779375,48
2011-05-16,REGENCY CAKESTAND 3 TIER,307,3532.2999999999997,12.993846153846153,52
2011-05-23,REGENCY CAKESTAND 3 TIER,169,2116.2599999999998,14.692941176470589,34
2011-05-30,REGENCY CAKESTAND 3 TIER,263,3041.7,14.429032258064517,31
2011-06-06,REGENCY CAKESTAND 3 TIER,208,2711.19,13.79842105263158,38
2011-06-13,REGENCY CAKESTAND 3 TIER,174,2094.7,13.746666666666666,33
2011-06-20,REGENCY CAKESTAND 3 TIER,143,1769.1,12.96967741935484,30
2011-06-27,REGENCY CAKESTAND 3 TIER,85,1172.67,13.696363636363635,22
2011-07-04,REGENCY CAKESTAND 3 TIER,131,2015.58,14.801785714285714,28
2011-07-11,REGENCY CAKESTAND 3 TIER,292,3441.8999999999996,13.702758620689655,29
2011-07-18,REGENCY CAKESTAND 3 TIER,341,4069.3199999999997,13.475999999999999,40
2011-07-25,REGENCY CAKESTAND 3 TIER,342,3944.1599999999994,13.888285714285713,34
2011-08-01,REGENCY CAKESTAND 3 TIER,180,2308.95,13.641818181818183,33
2011-08-08,REGENCY CAKESTAND 3 TIER,178,2210.04,13.608214285714284,28
2011-08-15,REGENCY CAKESTAND 3 TIER,210,2544.7799999999997,12.791470588235294,33
2011-08-22,REGENCY CAKESTAND 3 TIER,242,2907.39,13.203529411764706,33
2011-08-29,REGENCY CAKESTAND 3 TIER,147,1991.04,16.101111111111113,27
2011-09-05,REGENCY CAKESTAND 3 TIER,150,1825.17,13.736785714285714,28
2011-09-12,REGENCY CAKESTAND 3 TIER,219,2622.9,13.656,39
2011-09-19,REGENCY CAKESTAND 3 TIER,147,1954.4099999999999,14.130769230769232,39
2011-09-26,REGENCY CAKESTAND 3 TIER,149,1852.65,14.381818181818183,32
2011-10-03,REGENCY CAKESTAND 3 TIER,409,4883.58,14.340810810810812,36
2011-10-10,REGENCY CAKESTAND 3 TIER,214,2729.22,13.996415094339621,50
2011-10-17,REGENCY CAKESTAND 3 TIER,268,3205.71,14.346315789473683,38
2011-10-24,REGENCY CAKESTAND 3 TIER,135,1679.31,14.198,30
2011-10-31,REGENCY CAKESTAND 3 TIER,279,3466.7999999999997,14.0712,50
2011-11-07,REGENCY CAKESTAND 3 TIER,169,2357.0099999999998,14.401499999999999,40
2011-11-14,REGENCY CAKESTAND 3 TIER,235,3020.0699999999997,14.305625,47
2011-11-21,REGENCY CAKESTAND 3 TIER,261,3543.6,14.949622641509436,50
2011-11-28,REGENCY CAKESTAND 3 TIER,236,3254.04,15.971739130434784,45
2011-12-05,REGENCY CAKESTAND 3 TIER,376,4884.599999999999,16.15170731707317,38
2009-11-30,ROTATING SILVER ANGELS T-LIGHT HLDR,1850,4073.14,3.351612903225806,31
2009-12-07,ROTATING SILVER ANGELS T-LIGHT HLDR,37,191.29,5.17,6
2009-12-14,ROTATING SILVER ANGELS T-LIGHT HLDR,9,33.43,3.598,5
2009-12-21,ROTATING SILVER ANGELS T-LIGHT HLDR,11,56.870000000000005,5.17,2
2010-01-18,ROTATING SILVER ANGELS T-LIGHT HLDR,9,45.53999999999999,5.06,2
2010-01-25,ROTATING SILVER ANGELS T-LIGHT HLDR,1,5.06,5.06,1
2010-02-08,ROTATING SILVER ANGELS T-LIGHT HLDR,3,15.18,5.06,1
2010-03-29,ROTATING SILVER ANGELS T-LIGHT HLDR,4,10.2,2.55,1
2010-04-05,ROTATING SILVER ANGELS T-LIGHT HLDR,6,15.299999999999999,2.55,1
2010-05-31,ROTATING SILVER ANGELS T-LIGHT HLDR,3,15.18,5.06,1
2010-06-28,ROTATING SILVER ANGELS T-LIGHT HLDR,18,45.9,2.55,2
2010-07-05,ROTATING SILVER ANGELS T-LIGHT HLDR,2,10.12,5.06,1
2010-07-12,ROTATING SILVER ANGELS T-LIGHT HLDR,1,5.06,5.06,1
2010-07-19,ROTATING SILVER ANGELS T-LIGHT HLDR,35,131.92,4.432499999999999,8
2010-07-26,ROTATING SILVER ANGELS T-LIGHT HLDR,24,61.199999999999996,2.55,2
2010-08-02,ROTATING SILVER ANGELS T-LIGHT HLDR,47,129.89,3.6257142857142854,7
2010-08-09,ROTATING SILVER ANGELS T-LIGHT HLDR,24,70.43,4.0175,4
2010-08-16,ROTATING SILVER ANGELS T-LIGHT HLDR,36,91.8,2.55,4
2010-08-23,ROTATING SILVER ANGELS T-LIGHT HLDR,60,153.0,2.55,4
2010-08-30,ROTATING SILVER ANGELS T-LIGHT HLDR,1943,3268.52,3.741428571428571,7
2010-09-06,ROTATING SILVER ANGELS T-LIGHT HLDR,156,343.8,2.4375,4
2010-09-13,ROTATING SILVER ANGELS T-LIGHT HLDR,91,232.04999999999998,2.55,8
2010-09-20,ROTATING SILVER ANGELS T-LIGHT HLDR,274,691.6999999999999,3.2108333333333334,12
2010-09-27,ROTATING SILVER ANGELS T-LIGHT HLDR,300,750.47,3.0016666666666665,12
2010-10-04,ROTATING SILVER ANGELS T-LIGHT HLDR,3382,5866.33,3.1529999999999996,20
2010-10-11,ROTATING SILVER ANGELS T-LIGHT HLDR,259,714.2099999999999,2.71,20
2010-10-18,ROTATING SILVER ANGELS T-LIGHT HLDR,743,1565.72,2.8388888888888886,16
2010-10-25,ROTATING SILVER ANGELS T-LIGHT HLDR,184,593.52,2.76,14
2010-11-01,ROTATING SILVER ANGELS T-LIGHT HLDR,9715,16674.67,2.768235294117647,17
2010-11-08,ROTATING SILVER ANGELS T-LIGHT HLDR,417,1733.46,3.4799999999999995,25
2010-11-15,ROTATING SILVER ANGELS T-LIGHT HLDR,1426,4341.9400000000005,3.147307692307692,24
2010-11-22,ROTATING SILVER ANGELS T-LIGHT HLDR,647,2028.9,3.359375,29
2010-11-29,ROTATING SILVER ANGELS T-LIGHT HLDR,1636,4595.07,2.944590163934426,33
2010-12-06,ROTATING SILVER ANGELS T-LIGHT HLDR,1055,3048.35,3.8417647058823525,28
2010-12-13,ROTATING SILVER ANGELS T-LIGHT HLDR,801,2162.57,3.875238095238095,21
2010-12-20,ROTATING SILVER ANGELS T-LIGHT HLDR,184,952.96,4.105714285714286,7
2011-01-03,ROTATING SILVER ANGELS T-LIGHT HLDR,9,46.39,5.343333333333334,3
2011-01-10,ROTATING SILVER ANGELS T-LIGHT HLDR,13,65.17999999999999,5.01,4
2011-01-17,ROTATING SILVER ANGELS T-LIGHT HLDR,11,40.93,4.5649999999999995,4
2011-01-24,ROTATING SILVER ANGELS T-LIGHT HLDR,1,5.79,5.79,1
2011-01-31,ROTATING SILVER ANGELS T-LIGHT HLDR,12,66.99,5.605555555555556,9
2011-02-07,ROTATING SILVER ANGELS T-LIGHT HLDR,11,61.2,5.6240000000000006,5
2011-02-14,ROTATING SILVER ANGELS T-LIGHT HLDR,5,28.95,5.79,3
2011-02-21,ROTATING SILVER ANGELS T-LIGHT HLDR,6,34.74,5.79,4
2011-02-28,ROTATING SILVER ANGELS T-LIGHT HLDR,3,15.71,5.236666666666667,3
2011-03-07,ROTATING SILVER ANGELS T-LIGHT HLDR,2,11.58,5.79,2
2011-03-14,ROTATING SILVER ANGELS T-LIGHT HLDR,5,27.29,5.513333333333333,3
2011-03-28,ROTATING SILVER ANGELS T-LIGHT HLDR,3,17.37,5.79,1
2011-04-18,ROTATING SILVER ANGELS T-LIGHT HLDR,6,27.35,4.156666666666666,3
2011-05-09,ROTATING SILVER ANGELS T-LIGHT HLDR,48,122.39999999999999,2.55,1
2011-05-23,ROTATING SILVER ANGELS T-LIGHT HLDR,12,30.599999999999998,2.55,1
2011-05-30,ROTATING SILVER ANGELS T-LIGHT HLDR,1,4.96,4.96,1
2011-06-13,ROTATING SILVER ANGELS T-LIGHT HLDR,2,7.51,3.755,2
2011-06-20,ROTATING SILVER ANGELS T-LIGHT HLDR,1,2.55,2.55,1
2011-06-27,ROTATING SILVER ANGELS T-LIGHT HLDR,3,10.059999999999999,3.755,2
2011-07-04,ROTATING SILVER ANGELS T-LIGHT HLDR,120,252.0,2.1,1
2011-07-18,ROTATING SILVER ANGELS T-LIGHT HLDR,1,2.55,2.55,1
2011-07-25,ROTATING SILVER ANGELS T-LIGHT HLDR,7,17.849999999999998,2.55,2
2011-08-01,ROTATING SILVER ANGELS T-LIGHT HLDR,12,30.599999999999998,2.55,1
2011-08-08,ROTATING SILVER ANGELS T-LIGHT HLDR,6,15.299999999999999,2.55,1
2011-08-15,ROTATING SILVER ANGELS T-LIGHT HLDR,17,43.349999999999994,2.55,4
2011-08-22,ROTATING SILVER ANGELS T-LIGHT HLDR,18,45.9,2.55,2
2011-08-29,ROTATING SILVER ANGELS T-LIGHT HLDR,64,172.84,4.478,5
2011-09-05,ROTATING SILVER ANGELS T-LIGHT HLDR,56,145.20999999999998,2.8177777777777777,9
2011-09-12,ROTATING SILVER ANGELS T-LIGHT HLDR,294,647.35,3.025,10
2011-09-19,ROTATING SILVER ANGELS T-LIGHT HLDR,373,858.4399999999999,3.2155555555555555,17
2011-09-26,ROTATING SILVER ANGELS T-LIGHT HLDR,40,104.41,2.894285714285714,7
2011-10-03,ROTATING SILVER ANGELS T-LIGHT HLDR,202,544.02,3.1170588235294114,17
2011-10-10,ROTATING SILVER ANGELS T-LIGHT HLDR,487,1089.49,2.797857142857143,14
2011-10-17,ROTATING SILVER ANGELS T-LIGHT HLDR,526,1210.6299999999999,2.7235,20
2011-10-24,ROTATING SILVER ANGELS T-LIGHT HLDR,695,1298.3,2.8068,20
2011-10-31,ROTATING SILVER ANGELS T-LIGHT HLDR,319,884.4899999999999,3.0052173913043476,21
2011-11-07,ROTATING SILVER ANGELS T-LIGHT HLDR,596,2408.11,3.5056,23
2011-11-14,ROTATING SILVER ANGELS T-LIGHT HLDR,735,2617.39,3.0693478260869567,42
2011-11-21,ROTATING SILVER ANGELS T-LIGHT HLDR,1170,2894.37,3.1376923076923076,37
2011-11-28,ROTATING SILVER ANGELS T-LIGHT HLDR,729,2405.8599999999997,3.1682051282051282,38
2011-12-05,ROTATING SILVER ANGELS T-LIGHT HLDR,511,1408.1599999999999,3.3664516129032256,30
2009-11-30,WHITE HANGING HEART T-LIGHT HOLDER,1851,4942.19,2.9507216494845365,93
2009-12-07,WHITE HANGING HEART T-LIGHT HOLDER,3172,8406.789999999999,2.9933333333333336,112
2009-12-14,WHITE HANGING HEART T-LIGHT HOLDER,1294,3642.08,3.194193548387097,86
2009-12-21,WHITE HANGING HEART T-LIGHT HOLDER,128,366.54,3.555,13
2010-01-04,WHITE HANGING HEART T-LIGHT HOLDER,1773,4628.75,2.8249999999999997,47
2010-01-11,WHITE HANGING HEART T-LIGHT HOLDER,921,2523.54,3.2497260273972604,70
2010-01-18,WHITE HANGING HEART T-LIGHT HOLDER,1410,3813.42,3.1229411764705883,67
2010-01-25,WHITE HANGING HEART T-LIGHT HOLDER,1382,3740.98,3.1119753086419752,79
2010-02-01,WHITE HANGING HEART T-LIGHT HOLDER,727,2009.77,2.974516129032258,58
2010-02-08,WHITE HANGING HEART T-LIGHT HOLDER,586,1617.5,3.1253191489361707,45
2010-02-15,WHITE HANGING HEART T-LIGHT HOLDER,669,1901.8700000000001,3.1082978723404255,47
2010-02-22,WHITE HANGING HEART T-LIGHT HOLDER,929,2501.43,2.955614035087719,55
2010-03-01,WHITE HANGING HEART T-LIGHT HOLDER,842,2268.1,2.9032692307692307,47
2010-03-08,WHITE HANGING HEART T-LIGHT HOLDER,848,2365.84,3.25125,63
2010-03-15,WHITE HANGING HEART T-LIGHT HOLDER,1496,3952.7999999999997,3.0855932203389833,57
2010-03-22,WHITE HANGING HEART T-LIGHT HOLDER,1184,3156.56,2.9071830985915494,69
2010-03-29,WHITE HANGING HEART T-LIGHT HOLDER,900,3036.1200000000003,3.1216666666666666,47
2010-04-05,WHITE HANGING HEART T-LIGHT HOLDER,909,2420.03,3.0647826086956527,43
2010-04-12,WHITE HANGING HEART T-LIGHT HOLDER,848,2259.4,2.846041666666667,45
2010-04-19,WHITE HANGING HEART T-LIGHT HOLDER,696,1961.04,3.246393442622951,60
2010-04-26,WHITE HANGING HEART T-LIGHT HOLDER,1120,3074.72,3.0215789473684214,73
2010-05-03,WHITE HANGING HEART T-LIGHT HOLDER,1053,2851.87,3.046,53
2010-05-10,WHITE HANGING HEART T-LIGHT HOLDER,1105,2963.4300000000003,3.153636363636364,55
2010-05-17,WHITE HANGING HEART T-LIGHT HOLDER,1258,3388.7799999999997,2.9428358208955228,62
2010-05-24,WHITE HANGING HEART T-LIGHT HOLDER,954,2584.46,3.060144927536232,68
2010-05-31,WHITE HANGING HEART T-LIGHT HOLDER,545,1540.94,3.185,49
2010-06-07,WHITE HANGING HEART T-LIGHT HOLDER,1596,4245.8,3.1485542168674696,76
2010-06-14,WHITE HANGING HEART T-LIGHT HOLDER,586,1625.3400000000001,3.0209090909090914,44
2010-06-21,WHITE HANGING HEART T-LIGHT HOLDER,785,2173.03,3.136206896551724,55
2010-06-28,WHITE HANGING HEART T-LIGHT HOLDER,1209,3214.95,3.122413793103448,57
2010-07-05,WHITE HANGING HEART T-LIGHT HOLDER,719,1961.85,3.085384615384615,48
2010-07-12,WHITE HANGING HEART T-LIGHT HOLDER,1265,3370.47,3.0644827586206898,55
2010-07-19,WHITE HANGING HEART T-LIGHT HOLDER,1168,3022.48,3.2165384615384616,76
2010-07-26,WHITE HANGING HEART T-LIGHT HOLDER,594,1652.94,3.1954545454545453,43
2010-08-02,WHITE HANGING HEART T-LIGHT HOLDER,547,1507.3300000000002,3.0218367346938773,44
2010-08-09,WHITE HANGING HEART T-LIGHT HOLDER,1229,3403.6,3.1072307692307692,63
2010-08-16,WHITE HANGING HEART T-LIGHT HOLDER,1686,4405.7,3.114210526315789,57
2010-08-23,WHITE HANGING HEART T-LIGHT HOLDER,1118,3042.82,3.0322535211267607,69
2010-08-30,WHITE HANGING HEART T-LIGHT HOLDER,882,2442.16,3.3874999999999997,44
2010-09-06,WHITE HANGING HEART T-LIGHT HOLDER,914,2481.58,2.962857142857143,52
2010-09-13,WHITE HANGING HEART T-LIGHT HOLDER,1048,2798.4,3.0168852459016393,60
2010-09-20,WHITE HANGING HEART T-LIGHT HOLDER,1088,2894.02,2.942753623188406,67
2010-09-27,WHITE HANGING HEART T-LIGHT HOLDER,914,2531.22,3.1081818181818184,53
2010-10-04,WHITE HANGING HEART T-LIGHT HOLDER,1005,2754.4900000000002,3.052333333333334,58
2010-10-11,WHITE HANGING HEART T-LIGHT HOLDER,1001,2745.9500000000003,2.9649367088607597,76
2010-10-18,WHITE HANGING HEART T-LIGHT HOLDER,799,2226.27,2.9835211267605635,71
2010-10-25,WHITE HANGING HEART T-LIGHT HOLDER,1467,4173.55,3.130394736842105,72
2010-11-01,WHITE HANGING HEART T-LIGHT HOLDER,1367,3674.33,2.9794117647058824,78
2010-11-08,WHITE HANGING HEART T-LIGHT HOLDER,1626,4264.38,3.1111494252873566,83
2010-11-15,WHITE HANGING HEART T-LIGHT HOLDER,891,2659.73,3.190388349514563,97
2010-11-22,WHITE HANGING HEART T-LIGHT HOLDER,2155,5999.53,3.1444628099173557,112
2010-11-29,WHITE HANGING HEART T-LIGHT HOLDER,2670,7594.44,3.0284285714285715,81
2010-12-06,WHITE HANGING HEART T-LIGHT HOLDER,2006,6258.2,3.2728,86
2010-12-13,WHITE HANGING HEART T-LIGHT HOLDER,1529,4251.25,3.2148571428571433,68
2010-12-20,WHITE HANGING HEART T-LIGHT HOLDER,198,570.24,3.555263157894737,19
2011-01-03,WHITE HANGING HEART T-LIGHT HOLDER,973,2581.31,2.9023404255319147,46
2011-01-10,WHITE HANGING HEART T-LIGHT HOLDER,3329,9266.41,3.1848648648648648,36
2011-01-17,WHITE HANGING HEART T-LIGHT HOLDER,662,1784.58,2.992,38
2011-01-24,WHITE HANGING HEART T-LIGHT HOLDER,546,1542.3,3.288723404255319,46
2011-01-31,WHITE HANGING HEART T-LIGHT HOLDER,588,1616.72,3.2566666666666664,48
2011-02-07,WHITE HANGING HEART T-LIGHT HOLDER,517,1392.59,3.239032258064516,31
2011-02-14,WHITE HANGING HEART T-LIGHT HOLDER,365,1000.83,3.106923076923077,25
2011-02-21,WHITE HANGING HEART T-LIGHT HOLDER,401,1119.63,3.106923076923077,37
2011-02-28,WHITE HANGING HEART T-LIGHT HOLDER,380,1084.0,3.109130434782609,42
2011-03-07,WHITE HANGING HEART T-LIGHT HOLDER,454,1249.82,2.9854285714285718,35
2011-03-14,WHITE HANGING HEART T-LIGHT HOLDER,464,1264.96,3.0737209302325583,42
2011-03-21,WHITE HANGING HEART T-LIGHT HOLDER,365,1076.67,3.265102040816327,47
2011-03-28,WHITE HANGING HEART T-LIGHT HOLDER,582,1602.74,3.0717021276595746,45
2011-04-04,WHITE HANGING HEART T-LIGHT HOLDER,374,1073.42,3.120232558139535,42
2011-04-11,WHITE HANGING HEART T-LIGHT HOLDER,474,1295.9,2.88,40
2011-04-18,WHITE HANGING HEART T-LIGHT HOLDER,2422,6087.5599999999995,3.3916981132075477,50
2011-04-25,WHITE HANGING HEART T-LIGHT HOLDER,375,1028.01,3.086,28
2011-05-02,WHITE HANGING HEART T-LIGHT HOLDER,1144,3057.6,3.046,58
2011-05-09,WHITE HANGING HEART T-LIGHT HOLDER,892,2503.6,3.4325806451612904,62
2011-05-16,WHITE HANGING HEART T-LIGHT HOLDER,794,2228.46,3.162258064516129,62
2011-05-23,WHITE HANGING HEART T-LIGHT HOLDER,1026,3154.6600000000003,2.99825,40
2011-05-30,WHITE HANGING HEART T-LIGHT HOLDER,629,1691.11,3.368823529411765,34
2011-06-06,WHITE HANGING HEART T-LIGHT HOLDER,390,1085.9,3.1950000000000003,38
2011-06-13,WHITE HANGING HEART T-LIGHT HOLDER,391,1066.93,3.3464705882352943,34
2011-06-20,WHITE HANGING HEART T-LIGHT HOLDER,236,744.44,3.1452000000000004,25
2011-06-27,WHITE HANGING HEART T-LIGHT HOLDER,258,722.7,2.9214285714285717,28
2011-07-04,WHITE HANGING HEART T-LIGHT HOLDER,264,759.6,3.7203703703703703,26
2011-07-11,WHITE HANGING HEART T-LIGHT HOLDER,1198,3266.5,3.173061224489796,46
2011-07-18,WHITE HANGING HEART T-LIGHT HOLDER,729,2016.99,3.5029411764705882,48
2011-07-25,WHITE HANGING HEART T-LIGHT HOLDER,780,2418.84,3.28225,40
2011-08-01,WHITE HANGING HEART T-LIGHT HOLDER,441,1246.8700000000001,3.1130000000000004,39
2011-08-08,WHITE HANGING HEART T-LIGHT HOLDER,477,1325.31,3.0334285714285714,35
2011-08-15,WHITE HANGING HEART T-LIGHT HOLDER,297,815.83,3.0122222222222224,27
2011-08-22,WHITE HANGING HEART T-LIGHT HOLDER,775,2054.0899999999997,2.998,33
2011-08-29,WHITE HANGING HEART T-LIGHT HOLDER,396,1096.24,3.4888235294117647,33
2011-09-05,WHITE HANGING HEART T-LIGHT HOLDER,449,1285.1100000000001,3.214864864864865,37
2011-09-12,WHITE HANGING HEART T-LIGHT HOLDER,663,1787.93,3.2797560975609756,41
2011-09-19,WHITE HANGING HEART T-LIGHT HOLDER,710,2175.26,3.3757142857142854,47
2011-09-26,WHITE HANGING HEART T-LIGHT HOLDER,408,1131.8,3.188139534883721,41
2011-10-03,WHITE HANGING HEART T-LIGHT HOLDER,165,503.7900000000001,3.3937500000000003,30
2011-10-10,WHITE HANGING HEART T-LIGHT HOLDER,683,1893.01,3.144,39
2011-10-17,WHITE HANGING HEART T-LIGHT HOLDER,234,689.94,3.356857142857143,33
2011-10-24,WHITE HANGING HEART T-LIGHT HOLDER,447,1271.3300000000002,3.2397777777777774,42
2011-10-31,WHITE HANGING HEART T-LIGHT HOLDER,1707,5266.7300000000005,3.2392592592592595,53
2011-11-07,WHITE HANGING HEART T-LIGHT HOLDER,594,1705.58,3.20968253968254,60
2011-11-14,WHITE HANGING HEART T-LIGHT HOLDER,1326,3810.94,3.312537313432836,65
2011-11-21,WHITE HANGING HEART T-LIGHT HOLDER,904,2475.48,3.376666666666667,60
2011-11-28,WHITE HANGING HEART T-LIGHT HOLDER,731,1988.49,3.3728571428571428,55
2011-12-05,WHITE HANGING HEART T-LIGHT HOLDER,612,1750.04,3.603,39
2010-04-05,WOOD BLACK BOARD ANT WHITE FINISH,4,25.8,6.45,2
2010-04-12,WOOD BLACK BOARD ANT WHITE FINISH,110,633.9,6.1125,8
2010-04-19,WOOD BLACK BOARD ANT WHITE FINISH,80,492.44,6.581,20
2010-04-26,WOOD BLACK BOARD ANT WHITE FINISH,89,545.09,7.026999999999999,20
2010-05-03,WOOD BLACK BOARD ANT WHITE FINISH,49,301.57,6.982000000000001,10
2010-05-10,WOOD BLACK BOARD ANT WHITE FINISH,76,472.03999999999996,7.091111111111111,18
2010-05-17,WOOD BLACK BOARD ANT WHITE FINISH,54,344.62,6.761,20
2010-05-24,WOOD BLACK BOARD ANT WHITE FINISH,88,520.72,6.624666666666667,15
2010-05-31,WOOD BLACK BOARD ANT WHITE FINISH,44,280.12,7.015454545454546,11
2010-06-07,WOOD BLACK BOARD ANT WHITE FINISH,49,305.25,6.385714285714286,14
2010-06-14,WOOD BLACK BOARD ANT WHITE FINISH,43,268.27,6.859230769230769,13
2010-06-21,WOOD BLACK BOARD ANT WHITE FINISH,230,1032.62,7.537272727272727,11
2010-06-28,WOOD BLACK BOARD ANT WHITE FINISH,56,350.40000000000003,6.375,12
2010-07-05,WOOD BLACK BOARD ANT WHITE FINISH,41,260.77,7.072,10
2010-07-12,WOOD BLACK BOARD ANT WHITE FINISH,479,2130.35,6.884285714285714,14
2010-07-19,WOOD BLACK BOARD ANT WHITE FINISH,45,275.77,7.015454545454546,11
2010-07-26,WOOD BLACK BOARD ANT WHITE FINISH,52,338.3,7.25,15
2010-08-02,WOOD BLACK BOARD ANT WHITE FINISH,93,563.77,6.695555555555555,18
2010-08-09,WOOD BLACK BOARD ANT WHITE FINISH,135,780.67,7.015454545454546,11
2010-08-16,WOOD BLACK BOARD ANT WHITE FINISH,58,341.7,6.3,12
2010-08-23,WOOD BLACK BOARD ANT WHITE FINISH,61,368.16999999999996,6.765714285714286,14
2010-08-30,WOOD BLACK BOARD ANT WHITE FINISH,246,1099.98,5.996666666666666,9
2010-09-06,WOOD BLACK BOARD ANT WHITE FINISH,37,245.77,7.097272727272728,11
2010-09-13,WOOD BLACK BOARD ANT WHITE FINISH,68,409.64,7.337692307692308,13
2010-09-20,WOOD BLACK BOARD ANT WHITE FINISH,26,189.06,8.23,12
2010-09-27,WOOD BLACK BOARD ANT WHITE FINISH,93,574.33,7.860588235294117,17
2010-10-04,WOOD BLACK BOARD ANT WHITE FINISH,49,319.49,7.339333333333333,15
2010-10-11,WOOD BLACK BOARD ANT WHITE FINISH,483,2397.91,6.646428571428571,14
2010-10-18,WOOD BLACK BOARD ANT WHITE FINISH,49,301.57,6.968333333333334,12
2010-10-25,WOOD BLACK BOARD ANT WHITE FINISH,56,357.52000000000004,6.928461538461539,13
2010-11-01,WOOD BLACK BOARD ANT WHITE FINISH,77,489.29,7.072,20
2010-11-08,WOOD BLACK BOARD ANT WHITE FINISH,516,2607.08,6.795000000000001,26
2010-11-15,WOOD BLACK BOARD ANT WHITE FINISH,94,588.14,7.015454545454546,22
2010-11-22,WOOD BLACK BOARD ANT WHITE FINISH,81,507.97,6.671666666666667,24
2010-11-29,WOOD BLACK BOARD ANT WHITE FINISH,124,770.6,7.986363636363637,13
2010-12-06,WOOD BLACK BOARD ANT WHITE FINISH,2320,11392.8,7.218936170212767,25
2010-12-13,WOOD BLACK BOARD ANT WHITE FINISH,117,711.2099999999999,7.175454545454546,22
2010-12-20,WOOD BLACK BOARD ANT WHITE FINISH,9,65.17,8.823333333333332,3
2011-01-03,WOOD BLACK BOARD ANT WHITE FINISH,61,361.05,6.2250000000000005,12
2011-01-10,WOOD BLACK BOARD ANT WHITE FINISH,42,249.29999999999998,6.3,12
2011-01-17,WOOD BLACK BOARD ANT WHITE FINISH,110,681.6,8.155263157894737,19
2011-01-24,WOOD BLACK BOARD ANT WHITE FINISH,119,722.1899999999999,8.855454545454545,11
2011-01-31,WOOD BLACK BOARD ANT WHITE FINISH,60,367.44,6.999230769230769,13
2011-02-07,WOOD BLACK BOARD ANT WHITE FINISH,230,1174.06,8.4875,8
2011-02-14,WOOD BLACK BOARD ANT WHITE FINISH,43,313.05,7.709999999999999,10
2011-02-21,WOOD BLACK BOARD ANT WHITE FINISH,33,256.63,8.885,8
2011-02-28,WOOD BLACK BOARD ANT WHITE FINISH,23,208.24,9.926153846153845,13
2011-03-07,WOOD BLACK BOARD ANT WHITE FINISH,57,426.46000000000004,8.981538461538461,13
2011-03-14,WOOD BLACK BOARD ANT WHITE FINISH,65,494.63,8.328666666666667,14
2011-03-21,WOOD BLACK BOARD ANT WHITE FINISH,349,1790.4999999999998,7.447500000000001,12
2011-03-28,WOOD BLACK BOARD ANT WHITE FINISH,46,322.09999999999997,7.4750000000000005,8
2011-04-04,WOOD BLACK BOARD ANT WHITE FINISH,26,200.98000000000002,8.78111111111111,9
2011-04-11,WOOD BLACK BOARD ANT WHITE FINISH,45,328.95,7.7318181818181815,11
2011-04-18,WOOD BLACK BOARD ANT WHITE FINISH,125,658.99,8.450000000000001,11
2011-04-25,WOOD BLACK BOARD ANT WHITE FINISH,35,263.85,7.83,10
2011-05-02,WOOD BLACK BOARD ANT WHITE FINISH,47,344.85,7.8,8
2011-05-09,WOOD BLACK BOARD ANT WHITE FINISH,41,311.55,7.840909090909091,11
2011-05-16,WOOD BLACK BOARD ANT WHITE FINISH,177,1053.31,8.149375000000001,16
2011-05-23,WOOD BLACK BOARD ANT WHITE FINISH,36,271.8,7.83,10
2011-05-30,WOOD BLACK BOARD ANT WHITE FINISH,57,420.75,7.75,12
2011-06-06,WOOD BLACK BOARD ANT WHITE FINISH,76,590.0,9.612222222222222,18
2011-06-13,WOOD BLACK BOARD ANT WHITE FINISH,345,1759.9499999999998,7.377272727272728,11
2011-06-20,WOOD BLACK BOARD ANT WHITE FINISH,60,442.48,8.373333333333333,12
2011-06-27,WOOD BLACK BOARD ANT WHITE FINISH,42,313.78000000000003,8.698,10
2011-07-04,WOOD BLACK BOARD ANT WHITE FINISH,34,255.9,7.816666666666666,9
2011-07-11,WOOD BLACK BOARD ANT WHITE FINISH,39,289.93,8.647777777777778,9
2011-07-18,WOOD BLACK BOARD ANT WHITE FINISH,163,941.25,7.45,15
2011-07-25,WOOD BLACK BOARD ANT WHITE FINISH,256,1349.3999999999999,7.333333333333333,9
2011-08-01,WOOD BLACK BOARD ANT WHITE FINISH,101,698.11,9.4685,20
2011-08-08,WOOD BLACK BOARD ANT WHITE FINISH,38,348.46,10.763333333333332,15
2011-08-15,WOOD BLACK BOARD ANT WHITE FINISH,66,510.3,7.875,16
2011-08-22,WOOD BLACK BOARD ANT WHITE FINISH,47,344.85,7.816666666666666,9
2011-08-29,WOOD BLACK BOARD ANT WHITE FINISH,370,2057.46,11.05304347826087,23
2011-09-05,WOOD BLACK BOARD ANT WHITE FINISH,63,489.41,8.398571428571428,14
2011-09-12,WOOD BLACK BOARD ANT WHITE FINISH,50,417.82,9.027333333333333,15
2011-09-19,WOOD BLACK BOARD ANT WHITE FINISH,43,336.13,8.448666666666666,15
2011-09-26,WOOD BLACK BOARD ANT WHITE FINISH,6,47.7,7.95,4
2011-10-03,WOOD BLACK BOARD ANT WHITE FINISH,66,475.78000000000003,8.520909090909091,11
2011-10-10,WOOD BLACK BOARD ANT WHITE FINISH,33,288.39,10.12,12
2011-10-17,WOOD BLACK BOARD ANT WHITE FINISH,137,719.83,8.64125,8
2011-10-24,WOOD BLACK BOARD ANT WHITE FINISH,42,336.86,9.104285714285714,14
2011-10-31,WOOD BLACK BOARD ANT WHITE FINISH,166,955.91,8.564444444444444,18
2011-11-07,WOOD BLACK BOARD ANT WHITE FINISH,41,314.51,9.446,10
2011-11-14,WOOD BLACK BOARD ANT WHITE FINISH,50,400.46000000000004,8.959999999999999,15
2011-11-21,WOOD BLACK BOARD ANT WHITE FINISH,83,634.01,8.662380952380952,21
2011-11-28,WOOD BLACK BOARD ANT WHITE FINISH,104,772.16,8.605238095238096,21
2011-12-05,WOOD BLACK BOARD ANT WHITE FINISH,325,1869.03,9.545238095238094,21
